<?xml version="1.0" encoding="UTF-8" standalone="no" ?>
<COLLADA xmlns="http://www.collada.org/2005/11/COLLADASchema" version="1.4.1">
  <asset>
    <contributor>
      <author>Assimp</author>
      <authoring_tool>Assimp Exporter</authoring_tool>
    </contributor>
    <created>2026-09-08T09:43:03</created>
    <modified>2026-09-08T09:43:03</modified>
    <unit name="meter" meter="1" />
    <up_axis>Y_UP</up_axis>
  </asset>
  <library_images>
  </library_images>
  <library_effects>
    <effect id="DefaultMaterial-fx" name="DefaultMaterial">
      <profile_COMMON>
        <technique sid="standard">
          <phong>
            <emission>
              <color sid="emission">0   0   0   1</color>
            </emission>
            <ambient>
              <color sid="ambient">0   0   0   1</color>
            </ambient>
            <diffuse>
              <color sid="diffuse">0.600000024   0.600000024   0.600000024   1</color>
            </diffuse>
            <specular>
              <color sid="specular">0   0   0   1</color>
            </specular>
            <shininess>
              <float sid="shininess">0</float>
            </shininess>
            <transparent>
              <color sid="transparent">1   1   1   1</color>
            </transparent>
            <transparency>
              <float sid="transparency">1</float>
            </transparency>
            <index_of_refraction>
              <float sid="index_of_refraction">1</float>
            </index_of_refraction>
          </phong>
        </technique>
      </profile_COMMON>
    </effect>
    <effect id="leafsGreen-fx" name="leafsGreen">
      <profile_COMMON>
        <technique sid="standard">
          <phong>
            <emission>
              <color sid="emission">0   0   0   1</color>
            </emission>
            <ambient>
              <color sid="ambient">0   0   0   1</color>
            </ambient>
            <diffuse>
              <color sid="diffuse">0.160784304   0.788235307   0.670588315   1</color>
            </diffuse>
            <specular>
              <color sid="specular">0   0   0   1</color>
            </specular>
            <shininess>
              <float sid="shininess">0</float>
            </shininess>
            <transparent>
              <color sid="transparent">1   1   1   1</color>
            </transparent>
            <transparency>
              <float sid="transparency">1</float>
            </transparency>
            <index_of_refraction>
              <float sid="index_of_refraction">1</float>
            </index_of_refraction>
          </phong>
        </technique>
      </profile_COMMON>
    </effect>
    <effect id="woodBark-fx" name="woodBark">
      <profile_COMMON>
        <technique sid="standard">
          <phong>
            <emission>
              <color sid="emission">0   0   0   1</color>
            </emission>
            <ambient>
              <color sid="ambient">0   0   0   1</color>
            </ambient>
            <diffuse>
              <color sid="diffuse">0.886274517   0.513725519   0.34117651   1</color>
            </diffuse>
            <specular>
              <color sid="specular">0   0   0   1</color>
            </specular>
            <shininess>
              <float sid="shininess">0</float>
            </shininess>
            <transparent>
              <color sid="transparent">1   1   1   1</color>
            </transparent>
            <transparency>
              <float sid="transparency">1</float>
            </transparency>
            <index_of_refraction>
              <float sid="index_of_refraction">1</float>
            </index_of_refraction>
          </phong>
        </technique>
      </profile_COMMON>
    </effect>
    <effect id="_defaultMat-fx" name="_defaultMat">
      <profile_COMMON>
        <technique sid="standard">
          <phong>
            <emission>
              <color sid="emission">0   0   0   1</color>
            </emission>
            <ambient>
              <color sid="ambient">0   0   0   1</color>
            </ambient>
            <diffuse>
              <color sid="diffuse">1   1   1   1</color>
            </diffuse>
            <specular>
              <color sid="specular">0   0   0   1</color>
            </specular>
            <shininess>
              <float sid="shininess">0</float>
            </shininess>
            <transparent>
              <color sid="transparent">1   1   1   1</color>
            </transparent>
            <transparency>
              <float sid="transparency">1</float>
            </transparency>
            <index_of_refraction>
              <float sid="index_of_refraction">1</float>
            </index_of_refraction>
          </phong>
        </technique>
      </profile_COMMON>
    </effect>
  </library_effects>
  <library_materials>
    <material id="DefaultMaterial" name="DefaultMaterial">
      <instance_effect url="#DefaultMaterial-fx"/>
    </material>
    <material id="leafsGreen" name="leafsGreen">
      <instance_effect url="#leafsGreen-fx"/>
    </material>
    <material id="woodBark" name="woodBark">
      <instance_effect url="#woodBark-fx"/>
    </material>
    <material id="_defaultMat" name="_defaultMat">
      <instance_effect url="#_defaultMat-fx"/>
    </material>
  </library_materials>
  <library_geometries>
    <geometry id="tree_detailed_1" name="tree_detailed" >
      <mesh>
        <source id="tree_detailed_1-positions" name="tree_detailed_1-positions">
          <float_array id="tree_detailed_1-positions-array" count="2520"> -0.0604337603 0.619031727 0.225391507 0.0604337901 0.619031727 0.346258909 0.0604337901 0.619031727 0.225391507 0.0604337901 0.619031727 0.346258909 -0.0604337603 0.619031727 0.225391507 -0.0604337603 0.619031727 0.346258909 0.158806205 0.921571016 -0.355374306 0.1248748 0.761982322 -0.389466494 0.1248748 0.92173171 -0.389466494 0.1248748 0.761982322 -0.389466494 0.158806205 0.921571016 -0.355374306 0.158806205 0.762143016 -0.355374306 0.159371793 0.87719202 -0.161287501 0.1248748 0.877755225 -0.161853999 0.158806205 0.911658823 -0.195946202 0.1248748 0.877755225 -0.161853999 0.159371793 0.87719202 -0.161287501 -0.159371793 0.87719202 -0.161287501 0.1248748 0.877755225 -0.161853999 -0.159371793 0.87719202 -0.161287501 -0.0348747596 0.877755225 -0.161853999 -0.0348747596 0.877755225 -0.161853999 -0.159371793 0.87719202 -0.161287501 -0.068806231 0.911658823 -0.195946202 -0.068806231 0.911658823 -0.195946202 -0.159371793 0.87719202 -0.161287501 -0.068806231 0.921571016 -0.205913693 -0.159749493 0.945055008 -0.229528204 -0.068806231 0.921571016 -0.205913693 -0.159371793 0.87719202 -0.161287501 -0.068806231 0.921571016 -0.205913693 -0.159749493 0.945055008 -0.229528204 -0.045302961 0.945055008 -0.229528204 0.158806205 0.921571016 -0.205913693 0.159371793 0.87719202 -0.161287501 0.158806205 0.911658823 -0.195946202 0.158806205 0.921571016 -0.205913693 0.159749493 0.945055008 -0.229528204 0.159371793 0.87719202 -0.161287501 0.159749493 0.945055008 -0.229528204 0.158806205 0.921571016 -0.205913693 0.135303006 0.945055008 -0.229528204 -0.068806231 0.762143016 -0.355374306 -0.0348747596 0.92173171 -0.389466494 -0.0348747596 0.761982322 -0.389466494 -0.0348747596 0.92173171 -0.389466494 -0.068806231 0.762143016 -0.355374306 -0.068806231 0.921571016 -0.355374306 -0.0348747596 0.92173171 -0.389466494 0.1248748 0.761982322 -0.389466494 -0.0348747596 0.761982322 -0.389466494 0.1248748 0.761982322 -0.389466494 -0.0348747596 0.92173171 -0.389466494 0.1248748 0.92173171 -0.389466494 -0.159749493 1.26455402 -0.229528204 -0.045302961 0.945055008 -0.229528204 -0.159749493 0.945055008 -0.229528204 -0.045302961 0.945055008 -0.229528204 -0.159749493 1.26455402 -0.229528204 -0.0346858911 0.955663085 -0.229528204 -0.0346858911 0.955663085 -0.229528204 -0.159749493 1.26455402 -0.229528204 0.124685898 0.955663085 -0.229528204 0.159749493 1.26455402 -0.229528204 0.124685898 0.955663085 -0.229528204 -0.159749493 1.26455402 -0.229528204 0.159749493 0.945055008 -0.229528204 0.124685898 0.955663085 -0.229528204 0.159749493 1.26455402 -0.229528204 0.124685898 0.955663085 -0.229528204 0.159749493 0.945055008 -0.229528204 0.135303006 0.945055008 -0.229528204 -0.0348747596 0.761982322 -0.161853999 -0.068806231 0.911658823 -0.195946202 -0.068806231 0.762143016 -0.195946202 -0.068806231 0.911658823 -0.195946202 -0.0348747596 0.761982322 -0.161853999 -0.0348747596 0.877755225 -0.161853999 -0.41463241 0.600422204 0.1703922 -0.41463241 0.791735888 -0.0209216494 -0.41463241 0.600422204 -0.0209216494 -0.41463241 0.791735888 -0.0209216494 -0.41463241 0.600422204 0.1703922 -0.41463241 0.791735888 0.1703922 -0.41463241 0.600422204 0.1703922 -0.373687893 0.559511483 -0.0208877902 -0.373687893 0.559511483 0.1703583 -0.373687893 0.559511483 -0.0208877902 -0.41463241 0.600422204 0.1703922 -0.41463241 0.600422204 -0.0209216494 -0.182441801 0.83264643 0.1703583 -0.182215095 0.791928709 0.211302802 -0.141497299 0.791735888 0.1703922 -0.182441801 0.83264643 -0.0208877902 -0.141497299 0.791735888 -0.0209216494 -0.182215095 0.791928709 -0.0618322305 -0.141497299 0.791735888 0.1703922 -0.141497299 0.600422204 -0.0209216494 -0.141497299 0.791735888 -0.0209216494 -0.141497299 0.600422204 -0.0209216494 -0.141497299 0.791735888 0.1703922 -0.141497299 0.600422204 0.1703922 -0.182441801 0.559511483 0.1703583 -0.141497299 0.600422204 -0.0209216494 -0.141497299 0.600422204 0.1703922 -0.141497299 0.600422204 -0.0209216494 -0.182441801 0.559511483 0.1703583 -0.182441801 0.559511483 -0.0208877902 0.124685898 0.728050828 -0.355346292 0.1248748 0.761982322 -0.389466494 0.158806205 0.762143016 -0.355374306 -0.182441801 0.559511483 0.1703583 -0.141497299 0.600422204 0.1703922 -0.182215095 0.600229323 0.211302802 -0.0863106474 0.593176305 0.225370094 -0.0604337603 0.619031727 0.346258909 -0.0604337603 0.619031727 0.225391507 -0.0604337603 0.619031727 0.346258909 -0.0863106474 0.593176305 0.225370094 -0.0863106474 0.593176305 0.346280485 -0.0605770089 0.472144008 0.372135997 0.0604337901 0.446410507 0.346258909 0.0605770089 0.472144008 0.372135997 0.0604337901 0.446410507 0.346258909 -0.0605770089 0.472144008 0.372135997 -0.0604337603 0.446410507 0.346258909 -0.159371793 1.33241701 -0.161287501 0.159371793 1.33241701 0.157455996 0.159371793 1.33241701 -0.161287501 0.159371793 1.33241701 0.157455996 -0.159371793 1.33241701 -0.161287501 -0.159371793 1.33241701 0.157455996 0.159371793 0.87719202 -0.161287501 0.159749493 0.945055008 -0.229528204 0.227612495 0.945376217 -0.161344007 -0.068806231 0.921571016 -0.355374306 -0.0346858911 0.955663085 -0.355346292 -0.0348747596 0.92173171 -0.389466494 -0.41463241 0.791735888 -0.0209216494 -0.373687893 0.83264643 0.1703583 -0.373687893 0.83264643 -0.0208877902 -0.373687893 0.83264643 0.1703583 -0.41463241 0.791735888 -0.0209216494 -0.41463241 0.791735888 0.1703922 -0.182215095 0.791928709 0.211302802 -0.373914689 0.600229323 0.211302802 -0.182215095 0.600229323 0.211302802 -0.373914689 0.600229323 0.211302802 -0.182215095 0.791928709 0.211302802 -0.373914689 0.791928709 0.211302802 0.124685898 0.728050828 -0.195974395 0.158806205 0.762143016 -0.355374306 0.158806205 0.762143016 -0.195946202 0.158806205 0.762143016 -0.355374306 0.124685898 0.728050828 -0.195974395 0.124685898 0.728050828 -0.355346292 0.124685898 0.728050828 -0.195974395 0.158806205 0.762143016 -0.195946202 0.1248748 0.761982322 -0.161853999 -0.182441801 0.559511483 0.1703583 -0.221560404 0.559511483 0.0656027868 -0.182441801 0.559511483 -0.0208877902 -0.221560404 0.559511483 0.0656027868 -0.182441801 0.559511483 0.1703583 -0.373687893 0.559511483 0.1703583 -0.182441801 0.559511483 -0.0208877902 -0.221560404 0.559511483 0.0656027868 -0.212643296 0.559511483 0.0138126202 -0.221560404 0.559511483 0.0656027868 -0.373687893 0.559511483 0.1703583 -0.304789692 0.559511483 0.0887508169 -0.212643296 0.559511483 0.0138126202 -0.373687893 0.559511483 -0.0208877902 -0.182441801 0.559511483 -0.0208877902 -0.373687893 0.559511483 -0.0208877902 -0.304789692 0.559511483 0.0887508169 -0.373687893 0.559511483 0.1703583 -0.373687893 0.559511483 -0.0208877902 -0.212643296 0.559511483 0.0138126202 -0.295290202 0.559511483 0.0335771106 -0.373687893 0.559511483 -0.0208877902 -0.295290202 0.559511483 0.0335771106 -0.304789692 0.559511483 0.0887508169 -0.182441801 0.83264643 -0.0208877902 -0.141497299 0.791735888 0.1703922 -0.141497299 0.791735888 -0.0209216494 -0.141497299 0.791735888 0.1703922 -0.182441801 0.83264643 -0.0208877902 -0.182441801 0.83264643 0.1703583 0.159749493 1.26455402 0.225696698 -0.159749493 0.945055008 0.225696698 0.159749493 0.945055008 0.225696698 -0.159749493 0.945055008 0.225696698 0.159749493 1.26455402 0.225696698 -0.159749493 1.26455402 0.225696698 -0.068806231 0.762143016 -0.195946202 -0.0346858911 0.728050828 -0.355346292 -0.0346858911 0.728050828 -0.195974395 -0.0346858911 0.728050828 -0.355346292 -0.068806231 0.762143016 -0.195946202 -0.068806231 0.762143016 -0.355374306 0.159371793 0.87719202 0.157455996 0.0296031497 0.87719202 0.0382415392 0.159371793 0.87719202 -0.161287501 0.0296031497 0.87719202 0.0382415392 0.159371793 0.87719202 0.157455996 -0.159371793 0.87719202 0.157455996 0.0296031497 0.87719202 0.0382415392 -0.159371793 0.87719202 0.157455996 -0.0296031404 0.87719202 0.0382415392 -0.0296031404 0.87719202 0.0382415392 -0.159371793 0.87719202 0.157455996 -0.0296031404 0.87719202 -0.0209647696 0.0296031497 0.87719202 -0.0209647696 0.159371793 0.87719202 -0.161287501 0.0296031497 0.87719202 0.0382415392 0.159371793 0.87719202 -0.161287501 0.0296031497 0.87719202 -0.0209647696 -0.159371793 0.87719202 -0.161287501 -0.159371793 0.87719202 -0.161287501 0.0296031497 0.87719202 -0.0209647696 -0.0296031404 0.87719202 -0.0209647696 -0.159371793 0.87719202 -0.161287501 -0.0296031404 0.87719202 -0.0209647696 -0.159371793 0.87719202 0.157455996 -0.41463241 0.791735888 0.1703922 -0.373914689 0.791928709 0.211302802 -0.373687893 0.83264643 0.1703583 -0.159749493 0.945055008 0.225696698 0.159371793 0.87719202 0.157455996 0.159749493 0.945055008 0.225696698 0.159371793 0.87719202 0.157455996 -0.159749493 0.945055008 0.225696698 -0.159371793 0.87719202 0.157455996 0.159371793 1.33241701 -0.161287501 0.227612495 1.26423299 0.157512501 0.227612495 1.26423299 -0.161344007 0.227612495 1.26423299 0.157512501 0.159371793 1.33241701 -0.161287501 0.159371793 1.33241701 0.157455996 -0.182441801 0.83264643 0.1703583 -0.373914689 0.791928709 0.211302802 -0.182215095 0.791928709 0.211302802 -0.373914689 0.791928709 0.211302802 -0.182441801 0.83264643 0.1703583 -0.373687893 0.83264643 0.1703583 -0.182441801 0.559511483 -0.0208877902 -0.182215095 0.600229323 -0.0618322305 -0.141497299 0.600422204 -0.0209216494 -0.0863106474 0.593176305 0.346280485 -0.0605770089 0.593298197 0.372135997 -0.0604337603 0.619031727 0.346258909 0.227612495 1.26423299 -0.161344007 0.159749493 0.945055008 -0.229528204 0.159749493 1.26455402 -0.229528204 0.159749493 0.945055008 -0.229528204 0.227612495 1.26423299 -0.161344007 0.227612495 0.945376217 -0.161344007 -0.0863106474 0.593176305 0.225370094 -0.0604337603 0.619031727 0.225391507 -0.0605770089 0.593298197 0.199514598 -0.159749493 0.945055008 0.225696698 -0.227612495 1.26423299 0.157512501 -0.227612495 0.945376217 0.157512501 -0.227612495 1.26423299 0.157512501 -0.159749493 0.945055008 0.225696698 -0.159749493 1.26455402 0.225696698 0.124685898 0.728050828 -0.355346292 -0.0348747596 0.761982322 -0.389466494 0.1248748 0.761982322 -0.389466494 -0.0348747596 0.761982322 -0.389466494 0.124685898 0.728050828 -0.355346292 -0.0346858911 0.728050828 -0.355346292 -0.373914689 0.791928709 -0.0618322305 -0.182441801 0.83264643 -0.0208877902 -0.182215095 0.791928709 -0.0618322305 -0.182441801 0.83264643 -0.0208877902 -0.373914689 0.791928709 -0.0618322305 -0.373687893 0.83264643 -0.0208877902 -0.227612495 0.945376217 0.157512501 -0.159371793 0.87719202 0.157455996 -0.159749493 0.945055008 0.225696698 -0.373914689 0.600229323 0.211302802 -0.182441801 0.559511483 0.1703583 -0.182215095 0.600229323 0.211302802 -0.182441801 0.559511483 0.1703583 -0.373914689 0.600229323 0.211302802 -0.373687893 0.559511483 0.1703583 -0.41463241 0.600422204 -0.0209216494 -0.373914689 0.791928709 -0.0618322305 -0.373914689 0.600229323 -0.0618322305 -0.373914689 0.791928709 -0.0618322305 -0.41463241 0.600422204 -0.0209216494 -0.41463241 0.791735888 -0.0209216494 -0.41463241 0.600422204 -0.0209216494 -0.373914689 0.600229323 -0.0618322305 -0.373687893 0.559511483 -0.0208877902 -0.159749493 1.26455402 -0.229528204 0.159371793 1.33241701 -0.161287501 0.159749493 1.26455402 -0.229528204 0.159371793 1.33241701 -0.161287501 -0.159749493 1.26455402 -0.229528204 -0.159371793 1.33241701 -0.161287501 -0.373914689 0.600229323 0.211302802 -0.41463241 0.791735888 0.1703922 -0.41463241 0.600422204 0.1703922 -0.41463241 0.791735888 0.1703922 -0.373914689 0.600229323 0.211302802 -0.373914689 0.791928709 0.211302802 -0.227612495 1.26423299 -0.161344007 -0.159371793 1.33241701 0.157455996 -0.159371793 1.33241701 -0.161287501 -0.159371793 1.33241701 0.157455996 -0.227612495 1.26423299 -0.161344007 -0.227612495 1.26423299 0.157512501 0.159371793 1.33241701 0.157455996 0.159749493 1.26455402 0.225696698 0.227612495 1.26423299 0.157512501 0.0604337901 0.446410507 0.346258909 0.0863106474 0.472265989 0.225370094 0.0863106474 0.472265989 0.346280485 0.0863106474 0.472265989 0.225370094 0.0604337901 0.446410507 0.346258909 0.0604337901 0.446410507 0.225391507 -0.0605770089 0.472144008 0.372135997 -0.0863106474 0.593176305 0.346280485 -0.0863106474 0.472265989 0.346280485 -0.0863106474 0.593176305 0.346280485 -0.0605770089 0.472144008 0.372135997 -0.0605770089 0.593298197 0.372135997 0.399726808 0.755114973 0.0223181602 0.399908304 0.787689328 -0.0104373898 0.4324826 0.787843227 0.0222910605 0.213974506 0.787843227 0.175342098 0.24673 0.755114973 0.0223181602 0.24673 0.755114973 0.175315097 0.24673 0.755114973 0.0223181602 0.213974506 0.787843227 0.175342098 0.213974506 0.787843227 0.0222910605 -0.068806231 0.762143016 -0.195946202 -0.068806231 0.921571016 -0.355374306 -0.068806231 0.762143016 -0.355374306 -0.068806231 0.921571016 -0.355374306 -0.068806231 0.762143016 -0.195946202 -0.068806231 0.921571016 -0.205913693 -0.068806231 0.921571016 -0.205913693 -0.068806231 0.762143016 -0.195946202 -0.068806231 0.911658823 -0.195946202 0.124685898 0.955663085 -0.355346292 0.158806205 0.921571016 -0.205913693 0.158806205 0.921571016 -0.355374306 0.158806205 0.921571016 -0.205913693 0.124685898 0.955663085 -0.355346292 0.135303006 0.945055008 -0.229528204 0.135303006 0.945055008 -0.229528204 0.124685898 0.955663085 -0.355346292 0.124685898 0.955663085 -0.229528204 -0.0605770089 0.593298197 0.199514598 0.0605770089 0.472144008 0.199514598 -0.0605770089 0.472144008 0.199514598 0.0605770089 0.472144008 0.199514598 -0.0605770089 0.593298197 0.199514598 0.0605770089 0.593298197 0.199514598 0.213974506 0.787843227 0.0222910605 0.246548697 0.941048682 -0.0104373898 0.246548697 0.787689328 -0.0104373898 0.246548697 0.941048682 -0.0104373898 0.213974506 0.787843227 0.0222910605 0.223170504 0.940937996 0.0130514996 0.223170504 0.940937996 0.0130514996 0.213974506 0.787843227 0.0222910605 0.213974506 0.931749523 0.0222910605 0.213974506 0.787843227 0.175342098 0.213974506 0.931749523 0.0222910605 0.213974506 0.787843227 0.0222910605 0.213974506 0.931749523 0.0222910605 0.213974506 0.787843227 0.175342098 0.213974506 0.931749523 0.157501206 0.213974506 0.931749523 0.157501206 0.213974506 0.787843227 0.175342098 0.213974506 0.940894485 0.1667483 0.213974506 0.940894485 0.1667483 0.213974506 0.787843227 0.175342098 0.213974506 0.940894485 0.175342098 0.399726808 0.973622978 0.175315097 0.246548697 0.941048682 0.208070606 0.399908304 0.941048682 0.208070606 0.246548697 0.941048682 0.208070606 0.399726808 0.973622978 0.175315097 0.24673 0.973622978 0.175315097 -0.0863106474 0.472265989 0.225370094 -0.0605770089 0.472144008 0.199514598 -0.0604337603 0.446410507 0.225391507 0.0604337901 0.446410507 0.225391507 -0.0605770089 0.472144008 0.199514598 0.0605770089 0.472144008 0.199514598 -0.0605770089 0.472144008 0.199514598 0.0604337901 0.446410507 0.225391507 -0.0604337603 0.446410507 0.225391507 0.399908304 0.941048682 0.208070606 0.4324826 0.787843227 0.175342098 0.4324826 0.940894485 0.175342098 0.4324826 0.787843227 0.175342098 0.399908304 0.941048682 0.208070606 0.399908304 0.787689328 0.208070606 0.0604337901 0.619031727 0.346258909 0.0605770089 0.593298197 0.372135997 0.0863106474 0.593176305 0.346280485 0.159371793 1.33241701 0.157455996 -0.159749493 1.26455402 0.225696698 0.159749493 1.26455402 0.225696698 -0.159749493 1.26455402 0.225696698 0.159371793 1.33241701 0.157455996 -0.159371793 1.33241701 0.157455996 -0.0863106474 0.472265989 0.225370094 -0.0605770089 0.593298197 0.199514598 -0.0605770089 0.472144008 0.199514598 -0.0605770089 0.593298197 0.199514598 -0.0863106474 0.472265989 0.225370094 -0.0863106474 0.593176305 0.225370094 -0.227612495 0.945376217 -0.161344007 -0.159749493 1.26455402 -0.229528204 -0.159749493 0.945055008 -0.229528204 -0.159749493 1.26455402 -0.229528204 -0.227612495 0.945376217 -0.161344007 -0.227612495 1.26423299 -0.161344007 0.0604337901 0.619031727 0.346258909 -0.0605770089 0.593298197 0.372135997 0.0605770089 0.593298197 0.372135997 -0.0605770089 0.593298197 0.372135997 0.0604337901 0.619031727 0.346258909 -0.0604337603 0.619031727 0.346258909 0.0604337901 0.619031727 0.225391507 0.0863106474 0.593176305 0.225370094 0.0605770089 0.593298197 0.199514598 -0.41463241 0.791735888 -0.0209216494 -0.373687893 0.83264643 -0.0208877902 -0.373914689 0.791928709 -0.0618322305 -0.182215095 0.791928709 0.211302802 -0.141497299 0.600422204 0.1703922 -0.141497299 0.791735888 0.1703922 -0.141497299 0.600422204 0.1703922 -0.182215095 0.791928709 0.211302802 -0.182215095 0.600229323 0.211302802 -0.0348747596 0.92173171 -0.389466494 0.124685898 0.955663085 -0.355346292 0.1248748 0.92173171 -0.389466494 0.124685898 0.955663085 -0.355346292 -0.0348747596 0.92173171 -0.389466494 -0.0346858911 0.955663085 -0.355346292 -0.373914689 0.791928709 -0.0618322305 -0.182215095 0.600229323 -0.0618322305 -0.373914689 0.600229323 -0.0618322305 -0.182215095 0.600229323 -0.0618322305 -0.373914689 0.791928709 -0.0618322305 -0.182215095 0.791928709 -0.0618322305 -0.227612495 0.945376217 0.157512501 -0.227612495 1.26423299 -0.161344007 -0.227612495 0.945376217 -0.161344007 -0.227612495 1.26423299 -0.161344007 -0.227612495 0.945376217 0.157512501 -0.227612495 1.26423299 0.157512501 -0.068806231 0.762143016 -0.195946202 -0.0346858911 0.728050828 -0.195974395 -0.0348747596 0.761982322 -0.161853999 0.4324826 0.940894485 0.0222910605 0.399908304 0.787689328 -0.0104373898 0.399908304 0.941048682 -0.0104373898 0.399908304 0.787689328 -0.0104373898 0.4324826 0.940894485 0.0222910605 0.4324826 0.787843227 0.0222910605 0.0605770089 0.593298197 0.372135997 0.0863106474 0.472265989 0.346280485 0.0863106474 0.593176305 0.346280485 0.0863106474 0.472265989 0.346280485 0.0605770089 0.593298197 0.372135997 0.0605770089 0.472144008 0.372135997 0.0605770089 0.593298197 0.372135997 -0.0605770089 0.472144008 0.372135997 0.0605770089 0.472144008 0.372135997 -0.0605770089 0.472144008 0.372135997 0.0605770089 0.593298197 0.372135997 -0.0605770089 0.593298197 0.372135997 -0.227612495 0.945376217 -0.161344007 -0.159749493 0.945055008 -0.229528204 -0.159371793 0.87719202 -0.161287501 -0.0605770089 0.593298197 0.199514598 0.0604337901 0.619031727 0.225391507 0.0605770089 0.593298197 0.199514598 0.0604337901 0.619031727 0.225391507 -0.0605770089 0.593298197 0.199514598 -0.0604337603 0.619031727 0.225391507 0.0604337901 0.446410507 0.225391507 0.0605770089 0.472144008 0.199514598 0.0863106474 0.472265989 0.225370094 0.0863106474 0.593176305 0.346280485 0.0863106474 0.472265989 0.225370094 0.0863106474 0.593176305 0.225370094 0.0863106474 0.472265989 0.225370094 0.0863106474 0.593176305 0.346280485 0.0863106474 0.472265989 0.346280485 0.246548697 0.787689328 0.208070606 0.213974506 0.940894485 0.175342098 0.213974506 0.787843227 0.175342098 0.213974506 0.940894485 0.175342098 0.246548697 0.787689328 0.208070606 0.246548697 0.941048682 0.208070606 -0.182441801 0.559511483 -0.0208877902 -0.373914689 0.600229323 -0.0618322305 -0.182215095 0.600229323 -0.0618322305 -0.373914689 0.600229323 -0.0618322305 -0.182441801 0.559511483 -0.0208877902 -0.373687893 0.559511483 -0.0208877902 0.399726808 0.973622978 0.0223181602 0.4324826 0.940894485 0.175342098 0.4324826 0.940894485 0.0222910605 0.4324826 0.940894485 0.175342098 0.399726808 0.973622978 0.0223181602 0.399726808 0.973622978 0.175315097 0.0604337901 0.446410507 0.346258909 0.0268279705 0.446410507 0.303339988 0.0604337901 0.446410507 0.225391507 0.0268279705 0.446410507 0.303339988 0.0604337901 0.446410507 0.346258909 -0.0604337603 0.446410507 0.346258909 0.0268279705 0.446410507 0.303339988 -0.0604337603 0.446410507 0.346258909 -0.0268279593 0.446410507 0.303339988 0.0255977195 0.446410507 0.246345401 0.0604337901 0.446410507 0.225391507 0.0268279705 0.446410507 0.303339988 0.0604337901 0.446410507 0.225391507 0.0255977195 0.446410507 0.246345401 -0.0604337603 0.446410507 0.225391507 -0.0604337603 0.446410507 0.225391507 -0.0268279593 0.446410507 0.303339988 -0.0604337603 0.446410507 0.346258909 -0.0604337603 0.446410507 0.225391507 0.0255977195 0.446410507 0.246345401 -0.0255977102 0.446410507 0.246345401 -0.0604337603 0.446410507 0.225391507 -0.0255977102 0.446410507 0.246345401 -0.0268279593 0.446410507 0.303339988 0.213974506 0.787843227 0.0222910605 0.246548697 0.787689328 -0.0104373898 0.24673 0.755114973 0.0223181602 -0.0863106474 0.472265989 0.346280485 -0.0604337603 0.446410507 0.346258909 -0.0605770089 0.472144008 0.372135997 -0.068806231 0.762143016 -0.355374306 -0.0348747596 0.761982322 -0.389466494 -0.0346858911 0.728050828 -0.355346292 -0.141497299 0.791735888 -0.0209216494 -0.182215095 0.600229323 -0.0618322305 -0.182215095 0.791928709 -0.0618322305 -0.182215095 0.600229323 -0.0618322305 -0.141497299 0.791735888 -0.0209216494 -0.141497299 0.600422204 -0.0209216494 0.223170504 0.940937996 0.0130514996 0.227612495 0.945376217 0.01305517 0.246548697 0.941048682 -0.0104373898 0.227612495 0.954521298 0.0223023407 0.246548697 0.941048682 -0.0104373898 0.227612495 0.945376217 0.01305517 0.246548697 0.941048682 -0.0104373898 0.227612495 0.954521298 0.0223023407 0.24673 0.973622978 0.0223181602 -0.373687893 0.83264643 -0.0208877902 -0.182441801 0.83264643 0.1703583 -0.182441801 0.83264643 -0.0208877902 -0.182441801 0.83264643 0.1703583 -0.373687893 0.83264643 -0.0208877902 -0.373687893 0.83264643 0.1703583 -0.227612495 0.945376217 0.157512501 -0.159371793 0.87719202 -0.161287501 -0.159371793 0.87719202 0.157455996 -0.159371793 0.87719202 -0.161287501 -0.227612495 0.945376217 0.157512501 -0.227612495 0.945376217 -0.161344007 0.159371793 1.33241701 -0.161287501 0.227612495 1.26423299 -0.161344007 0.159749493 1.26455402 -0.229528204 0.213974506 0.940894485 0.175342098 0.246548697 0.941048682 0.208070606 0.24673 0.973622978 0.175315097 0.399726808 0.755114973 0.175315097 0.4324826 0.787843227 0.0222910605 0.4324826 0.787843227 0.175342098 0.4324826 0.787843227 0.0222910605 0.399726808 0.755114973 0.175315097 0.399726808 0.755114973 0.0223181602 -0.41463241 0.600422204 0.1703922 -0.373687893 0.559511483 0.1703583 -0.373914689 0.600229323 0.211302802 0.124685898 0.955663085 -0.355346292 0.158806205 0.921571016 -0.355374306 0.1248748 0.92173171 -0.389466494 0.399726808 0.755114973 0.175315097 0.350434601 0.755114973 0.119304799 0.399726808 0.755114973 0.0223181602 0.350434601 0.755114973 0.119304799 0.399726808 0.755114973 0.175315097 0.24673 0.755114973 0.175315097 0.350434601 0.755114973 0.119304799 0.24673 0.755114973 0.175315097 0.285467803 0.755114973 0.104612999 0.285467803 0.755114973 0.104612999 0.24673 0.755114973 0.175315097 0.285467803 0.755114973 0.057783559 0.350434601 0.755114973 0.0693091229 0.399726808 0.755114973 0.0223181602 0.350434601 0.755114973 0.119304799 0.399726808 0.755114973 0.0223181602 0.350434601 0.755114973 0.0693091229 0.24673 0.755114973 0.0223181602 0.24673 0.755114973 0.0223181602 0.350434601 0.755114973 0.0693091229 0.285467803 0.755114973 0.057783559 0.24673 0.755114973 0.0223181602 0.285467803 0.755114973 0.057783559 0.24673 0.755114973 0.175315097 0.158806205 0.921571016 -0.205913693 0.158806205 0.762143016 -0.355374306 0.158806205 0.921571016 -0.355374306 0.158806205 0.762143016 -0.355374306 0.158806205 0.921571016 -0.205913693 0.158806205 0.762143016 -0.195946202 0.158806205 0.762143016 -0.195946202 0.158806205 0.921571016 -0.205913693 0.158806205 0.911658823 -0.195946202 -0.0348747596 0.761982322 -0.161853999 0.124685898 0.728050828 -0.195974395 0.1248748 0.761982322 -0.161853999 0.124685898 0.728050828 -0.195974395 -0.0348747596 0.761982322 -0.161853999 0.0386990607 0.730290473 -0.193722203 0.124685898 0.728050828 -0.195974395 0.0386990607 0.730290473 -0.193722203 0.0393555388 0.728050828 -0.195974395 0.0386990607 0.730290473 -0.193722203 -0.0348747596 0.761982322 -0.161853999 -0.00957122445 0.730290473 -0.193722203 -0.00957122445 0.730290473 -0.193722203 -0.0348747596 0.761982322 -0.161853999 -0.0346858911 0.728050828 -0.195974395 -0.0346858911 0.728050828 -0.195974395 -0.00916253217 0.728050828 -0.195974395 -0.00957122445 0.730290473 -0.193722203 0.399726808 0.973622978 0.0223181602 0.4324826 0.940894485 0.0222910605 0.399908304 0.941048682 -0.0104373898 0.159749493 0.945055008 0.225696698 0.213974506 0.940894485 0.1667483 0.218416497 0.945332706 0.166751996 0.213974506 0.940894485 0.1667483 0.159749493 0.945055008 0.225696698 0.213974506 0.931749523 0.157501206 0.213974506 0.931749523 0.157501206 0.159749493 0.945055008 0.225696698 0.159371793 0.87719202 0.157455996 -0.227612495 1.26423299 0.157512501 -0.159749493 1.26455402 0.225696698 -0.159371793 1.33241701 0.157455996 0.246548697 0.941048682 -0.0104373898 0.399726808 0.973622978 0.0223181602 0.399908304 0.941048682 -0.0104373898 0.399726808 0.973622978 0.0223181602 0.246548697 0.941048682 -0.0104373898 0.24673 0.973622978 0.0223181602 -0.0346858911 0.955663085 -0.355346292 0.124685898 0.955663085 -0.229528204 0.124685898 0.955663085 -0.355346292 0.124685898 0.955663085 -0.229528204 -0.0346858911 0.955663085 -0.355346292 -0.0346858911 0.955663085 -0.229528204 -0.0863106474 0.472265989 0.346280485 -0.0863106474 0.593176305 0.225370094 -0.0863106474 0.472265989 0.225370094 -0.0863106474 0.593176305 0.225370094 -0.0863106474 0.472265989 0.346280485 -0.0863106474 0.593176305 0.346280485 0.213974506 0.787843227 0.175342098 0.24673 0.755114973 0.175315097 0.246548697 0.787689328 0.208070606 0.399726808 0.755114973 0.175315097 0.4324826 0.787843227 0.175342098 0.399908304 0.787689328 0.208070606 0.0863106474 0.593176305 0.225370094 0.0605770089 0.472144008 0.199514598 0.0605770089 0.593298197 0.199514598 0.0605770089 0.472144008 0.199514598 0.0863106474 0.593176305 0.225370094 0.0863106474 0.472265989 0.225370094 0.1248748 0.877755225 -0.161853999 0.158806205 0.762143016 -0.195946202 0.158806205 0.911658823 -0.195946202 0.158806205 0.762143016 -0.195946202 0.1248748 0.877755225 -0.161853999 0.1248748 0.761982322 -0.161853999 0.159371793 0.87719202 0.157455996 0.213974506 0.931749523 0.0222910605 0.213974506 0.931749523 0.157501206 0.159371793 0.87719202 -0.161287501 0.213974506 0.931749523 0.0222910605 0.159371793 0.87719202 0.157455996 0.159371793 0.87719202 -0.161287501 0.223170504 0.940937996 0.0130514996 0.213974506 0.931749523 0.0222910605 0.227612495 0.945376217 -0.161344007 0.223170504 0.940937996 0.0130514996 0.159371793 0.87719202 -0.161287501 0.223170504 0.940937996 0.0130514996 0.227612495 0.945376217 -0.161344007 0.227612495 0.945376217 0.01305517 0.1248748 0.877755225 -0.161853999 -0.0348747596 0.761982322 -0.161853999 0.1248748 0.761982322 -0.161853999 -0.0348747596 0.761982322 -0.161853999 0.1248748 0.877755225 -0.161853999 -0.0348747596 0.877755225 -0.161853999 -0.0863106474 0.472265989 0.346280485 -0.0604337603 0.446410507 0.225391507 -0.0604337603 0.446410507 0.346258909 -0.0604337603 0.446410507 0.225391507 -0.0863106474 0.472265989 0.346280485 -0.0863106474 0.472265989 0.225370094 0.246548697 0.787689328 0.208070606 0.399726808 0.755114973 0.175315097 0.399908304 0.787689328 0.208070606 0.399726808 0.755114973 0.175315097 0.246548697 0.787689328 0.208070606 0.24673 0.755114973 0.175315097 -0.068806231 0.921571016 -0.355374306 -0.0346858911 0.955663085 -0.229528204 -0.0346858911 0.955663085 -0.355346292 -0.0346858911 0.955663085 -0.229528204 -0.068806231 0.921571016 -0.355374306 -0.045302961 0.945055008 -0.229528204 -0.045302961 0.945055008 -0.229528204 -0.068806231 0.921571016 -0.355374306 -0.068806231 0.921571016 -0.205913693 0.399726808 0.973622978 0.175315097 0.399908304 0.941048682 0.208070606 0.4324826 0.940894485 0.175342098 0.246548697 0.941048682 -0.0104373898 0.399908304 0.787689328 -0.0104373898 0.246548697 0.787689328 -0.0104373898 0.399908304 0.787689328 -0.0104373898 0.246548697 0.941048682 -0.0104373898 0.399908304 0.941048682 -0.0104373898 0.4324826 0.940894485 0.175342098 0.4324826 0.787843227 0.0222910605 0.4324826 0.940894485 0.0222910605 0.4324826 0.787843227 0.0222910605 0.4324826 0.940894485 0.175342098 0.4324826 0.787843227 0.175342098 0.399908304 0.941048682 0.208070606 0.246548697 0.787689328 0.208070606 0.399908304 0.787689328 0.208070606 0.246548697 0.787689328 0.208070606 0.399908304 0.941048682 0.208070606 0.246548697 0.941048682 0.208070606 -0.227612495 1.26423299 -0.161344007 -0.159371793 1.33241701 -0.161287501 -0.159749493 1.26455402 -0.229528204 0.0604337901 0.619031727 0.225391507 0.0863106474 0.593176305 0.346280485 0.0863106474 0.593176305 0.225370094 0.0863106474 0.593176305 0.346280485 0.0604337901 0.619031727 0.225391507 0.0604337901 0.619031727 0.346258909 0.24673 0.973622978 0.0223181602 0.399726808 0.973622978 0.175315097 0.399726808 0.973622978 0.0223181602 0.399726808 0.973622978 0.175315097 0.24673 0.973622978 0.0223181602 0.24673 0.973622978 0.175315097 0.227612495 1.26423299 0.157512501 0.227612495 0.945376217 -0.161344007 0.227612495 1.26423299 -0.161344007 0.227612495 0.945376217 -0.161344007 0.227612495 1.26423299 0.157512501 0.227612495 0.945376217 0.01305517 0.227612495 0.945376217 0.01305517 0.227612495 1.26423299 0.157512501 0.227612495 0.954521298 0.0223023407 0.227612495 0.954521298 0.0223023407 0.227612495 1.26423299 0.157512501 0.227612495 0.954521298 0.157512501 0.227612495 0.954521298 0.0223023407 0.24673 0.973622978 0.175315097 0.24673 0.973622978 0.0223181602 0.24673 0.973622978 0.175315097 0.227612495 0.954521298 0.0223023407 0.227612495 0.954521298 0.157512501 0.24673 0.973622978 0.175315097 0.227612495 0.954521298 0.157512501 0.213974506 0.940894485 0.175342098 0.213974506 0.940894485 0.175342098 0.227612495 0.954521298 0.157512501 0.218416497 0.945332706 0.166751996 0.213974506 0.940894485 0.175342098 0.218416497 0.945332706 0.166751996 0.213974506 0.940894485 0.1667483 0.399726808 0.755114973 0.0223181602 0.246548697 0.787689328 -0.0104373898 0.399908304 0.787689328 -0.0104373898 0.246548697 0.787689328 -0.0104373898 0.399726808 0.755114973 0.0223181602 0.24673 0.755114973 0.0223181602 0.0604337901 0.446410507 0.346258909 0.0863106474 0.472265989 0.346280485 0.0605770089 0.472144008 0.372135997 0.159749493 1.26455402 0.225696698 0.227612495 0.954521298 0.157512501 0.227612495 1.26423299 0.157512501 0.227612495 0.954521298 0.157512501 0.159749493 1.26455402 0.225696698 0.218416497 0.945332706 0.166751996 0.218416497 0.945332706 0.166751996 0.159749493 1.26455402 0.225696698 0.159749493 0.945055008 0.225696698 0.0393555388 0.728050828 -0.195974395 0.124685898 0.728050828 -0.355346292 0.124685898 0.728050828 -0.195974395 0.124685898 0.728050828 -0.355346292 0.0393555388 0.728050828 -0.195974395 0.0604429096 0.728050828 -0.26345259 0.0604429096 0.728050828 -0.26345259 -0.0346858911 0.728050828 -0.355346292 0.124685898 0.728050828 -0.355346292 -0.0346858911 0.728050828 -0.355346292 0.0604429096 0.728050828 -0.26345259 0.00833631773 0.728050828 -0.26345259 -0.0346858911 0.728050828 -0.355346292 0.00833631773 0.728050828 -0.26345259 -0.00916253217 0.728050828 -0.195974395 -0.0346858911 0.728050828 -0.355346292 -0.00916253217 0.728050828 -0.195974395 -0.0346858911 0.728050828 -0.195974395 </float_array>
          <technique_common>
            <accessor count="840" offset="0" source="#tree_detailed_1-positions-array" stride="3">
              <param name="X" type="float" />
              <param name="Y" type="float" />
              <param name="Z" type="float" />
            </accessor>
          </technique_common>
        </source>
        <source id="tree_detailed_1-normals" name="tree_detailed_1-normals">
          <float_array id="tree_detailed_1-normals-array" count="2520"> 0 1 0 0 1 0 0 1 0 0 1 0 0 1 0 0 1 0 0.708776176 0 -0.705433428 0.708776176 0 -0.705433428 0.708776176 0 -0.705433428 0.708776176 0 -0.705433428 0.708776176 0 -0.705433428 0.708776176 0 -0.705433428 0 -0.709066272 -0.705141783 0 -0.709066272 -0.705141783 0 -0.709066272 -0.705141783 0 -0.709066272 -0.705141783 0 -0.709066272 -0.705141783 0 -0.709066272 -0.705141783 0 -0.709066272 -0.705141783 0 -0.709066272 -0.705141783 0 -0.709066272 -0.705141783 0 -0.709066272 -0.705141783 0 -0.709066272 -0.705141783 0 -0.709066272 -0.705141783 0 -0.709066272 -0.705141783 0 -0.709066272 -0.705141783 0 -0.709066272 -0.705141783 0 -0.709066272 -0.705141783 0 -0.709066272 -0.705141783 0 -0.709066272 -0.705141783 0 -0.709066272 -0.705141783 0 -0.709066272 -0.705141783 0 -0.709066272 -0.705141783 0 -0.709066272 -0.705141783 0 -0.709066272 -0.705141783 0 -0.709066272 -0.705141783 0 -0.709066272 -0.705141783 0 -0.709066272 -0.705141783 0 -0.709066272 -0.705141783 0 -0.709066272 -0.705141783 0 -0.709066272 -0.705141783 0 -0.709066272 -0.705141783 -0.708776176 0 -0.705433428 -0.708776176 0 -0.705433428 -0.708776176 0 -0.705433428 -0.708776176 0 -0.705433428 -0.708776176 0 -0.705433428 -0.708776176 0 -0.705433428 0 0 -1 0 0 -1 0 0 -1 0 0 -1 0 0 -1 0 0 -1 0 0 -1 0 0 -1 0 0 -1 0 0 -1 0 0 -1 0 0 -1 0 0 -1 0 0 -1 0 0 -1 0 0 -1 0 0 -1 0 0 -1 0 0 -1 0 0 -1 0 0 -1 0 0 -1 0 0 -1 0 0 -1 -0.708774924 0 0.70543468 -0.708774924 0 0.70543468 -0.708774924 0 0.70543468 -0.708774924 0 0.70543468 -0.708774924 0 0.70543468 -0.708774924 0 0.70543468 -1 0 0 -1 0 0 -1 0 0 -1 0 0 -1 0 0 -1 0 0 -0.706814587 -0.707398772 0 -0.706814587 -0.707398772 0 -0.706814587 -0.707398772 0 -0.706814587 -0.707398772 0 -0.706814587 -0.707398772 0 -0.706814587 -0.707398772 0 0.578844905 0.579800427 0.573384821 0.578844905 0.579800427 0.573384821 0.578844905 0.579800427 0.573384821 0.578844905 0.579800308 -0.573384821 0.578844905 0.579800308 -0.573384821 0.578844905 0.579800308 -0.573384821 1 0 0 1 0 0 1 0 0 1 0 0 1 0 0 1 0 0 0.706815183 -0.707398176 0 0.706815183 -0.707398176 0 0.706815183 -0.707398176 0 0.706815183 -0.707398176 0 0.706815183 -0.707398176 0 0.706815183 -0.707398176 0 0.5788486 -0.579796672 -0.573384881 0.5788486 -0.579796672 -0.573384881 0.5788486 -0.579796672 -0.573384881 0.578846872 -0.579799116 0.573384106 0.578846872 -0.579799116 0.573384106 0.578846872 -0.579799116 0.573384106 -0.70681411 0.707399189 0 -0.70681411 0.707399189 0 -0.70681411 0.707399189 0 -0.70681411 0.707399189 0 -0.70681411 0.707399189 0 -0.70681411 0.707399189 0 0 -0.709070504 0.70513761 0 -0.709070504 0.70513761 0 -0.709070504 0.70513761 0 -0.709070504 0.70513761 0 -0.709070504 0.70513761 0 -0.709070504 0.70513761 0 1 0 0 1 0 0 1 0 0 1 0 0 1 0 0 1 0 0.578845024 -0.579799592 -0.573385715 0.578845024 -0.579799592 -0.573385715 0.578845024 -0.579799592 -0.573385715 -0.578848779 0.57979691 -0.573384285 -0.578848779 0.57979691 -0.573384285 -0.578848779 0.57979691 -0.573384285 -0.70681262 0.707400799 0 -0.70681262 0.707400799 0 -0.70681262 0.707400799 0 -0.70681262 0.707400799 0 -0.70681262 0.707400799 0 -0.70681262 0.707400799 0 0 0 1 0 0 1 0 0 1 0 0 1 0 0 1 0 0 1 0.706815183 -0.707398117 0 0.706815183 -0.707398117 0 0.706815183 -0.707398117 0 0.706815183 -0.707398117 0 0.706815183 -0.707398117 0 0.706815183 -0.707398117 0 0.578846574 -0.579798579 0.573384821 0.578846574 -0.579798579 0.573384821 0.578846574 -0.579798579 0.573384821 0 -1 0 0 -1 0 0 -1 0 0 -1 0 0 -1 0 0 -1 0 0 -1 0 0 -1 0 0 -1 0 0 -1 0 0 -1 0 0 -1 0 0 -1 0 0 -1 0 0 -1 0 0 -1 0 0 -1 0 0 -1 0 0 -1 0 0 -1 0 0 -1 0 0 -1 0 0 -1 0 0 -1 0 0.706813216 0.707400203 0 0.706813216 0.707400203 0 0.706813216 0.707400203 0 0.706813216 0.707400203 0 0.706813216 0.707400203 0 0.706813216 0.707400203 0 0 0 1 0 0 1 0 0 1 0 0 1 0 0 1 0 0 1 -0.706815183 -0.707398117 0 -0.706815183 -0.707398117 0 -0.706815183 -0.707398117 0 -0.706815183 -0.707398117 0 -0.706815183 -0.707398117 0 -0.706815183 -0.707398117 0 0 -1 0 0 -1 0 0 -1 0 0 -1 0 0 -1 0 0 -1 0 0 -1 0 0 -1 0 0 -1 0 0 -1 0 0 -1 0 0 -1 0 0 -1 0 0 -1 0 0 -1 0 0 -1 0 0 -1 0 0 -1 0 0 -1 0 0 -1 0 0 -1 0 0 -1 0 0 -1 0 0 -1 0 -0.578844607 0.579801083 0.573384285 -0.578844607 0.579801083 0.573384285 -0.578844607 0.579801083 0.573384285 0 -0.70906651 0.705141604 0 -0.70906651 0.705141604 0 -0.70906651 0.705141604 0 -0.70906651 0.705141604 0 -0.70906651 0.705141604 0 -0.70906651 0.705141604 0.706814229 0.707399189 0 0.706814229 0.707399189 0 0.706814229 0.707399189 0 0.706814229 0.707399189 0 0.706814229 0.707399189 0 0.706814229 0.707399189 0 0 0.709067523 0.705140591 0 0.709067523 0.705140591 0 0.709067523 0.705140591 0 0.709067523 0.705140591 0 0.709067523 0.705140591 0 0.709067523 0.705140591 0.578846991 -0.579798996 -0.573384225 0.578846991 -0.579798996 -0.573384225 0.578846991 -0.579798996 -0.573384225 -0.57884568 0.579801679 0.573382676 -0.57884568 0.579801679 0.573382676 -0.57884568 0.579801679 0.573382676 0.708774984 0 -0.70543462 0.708774984 0 -0.70543462 0.708774984 0 -0.70543462 0.708774984 0 -0.70543462 0.708774984 0 -0.70543462 0.708774984 0 -0.70543462 -0.578846574 0.57980001 -0.57338351 -0.578846574 0.57980001 -0.57338351 -0.578846574 0.57980001 -0.57338351 -0.708774686 0 0.705434978 -0.708774686 0 0.705434978 -0.708774686 0 0.705434978 -0.708774686 0 0.705434978 -0.708774686 0 0.705434978 -0.708774686 0 0.705434978 0 -0.709065378 -0.705142796 0 -0.709065378 -0.705142796 0 -0.709065378 -0.705142796 0 -0.709065378 -0.705142796 0 -0.709065378 -0.705142796 0 -0.709065378 -0.705142796 0 0.709067523 -0.705140591 0 0.709067523 -0.705140591 0 0.709067523 -0.705140591 0 0.709067523 -0.705140591 0 0.709067523 -0.705140591 0 0.709067523 -0.705140591 -0.578844726 -0.579799473 0.573385894 -0.578844726 -0.579799473 0.573385894 -0.578844726 -0.579799473 0.573385894 0 -0.709067106 0.705141008 0 -0.709067106 0.705141008 0 -0.709067106 0.705141008 0 -0.709067106 0.705141008 0 -0.709067106 0.705141008 0 -0.709067106 0.705141008 -0.708774984 0 -0.705434501 -0.708774984 0 -0.705434501 -0.708774984 0 -0.705434501 -0.708774984 0 -0.705434501 -0.708774984 0 -0.705434501 -0.708774984 0 -0.705434501 -0.578846812 -0.579799712 -0.573383689 -0.578846812 -0.579799712 -0.573383689 -0.578846812 -0.579799712 -0.573383689 0 0.70906651 -0.705141485 0 0.70906651 -0.705141485 0 0.70906651 -0.705141485 0 0.70906651 -0.705141485 0 0.70906651 -0.705141485 0 0.70906651 -0.705141485 -0.708774984 0 0.705434501 -0.708774984 0 0.705434501 -0.708774984 0 0.705434501 -0.708774984 0 0.705434501 -0.708774984 0 0.705434501 -0.708774984 0 0.705434501 -0.706813991 0.707399428 0 -0.706813991 0.707399428 0 -0.706813991 0.707399428 0 -0.706813991 0.707399428 0 -0.706813991 0.707399428 0 -0.706813991 0.707399428 0 0.578845382 0.579799175 0.573385417 0.578845382 0.579799175 0.573385417 0.578845382 0.579799175 0.573385417 0.706814408 -0.707399011 0 0.706814408 -0.707399011 0 0.706814408 -0.707399011 0 0.706814408 -0.707399011 0 0.706814408 -0.707399011 0 0.706814408 -0.707399011 0 -0.708774924 0 0.70543468 -0.708774924 0 0.70543468 -0.708774924 0 0.70543468 -0.708774924 0 0.70543468 -0.708774924 0 0.70543468 -0.708774924 0 0.70543468 0.578840971 -0.579802811 -0.573386371 0.578840971 -0.579802811 -0.573386371 0.578840971 -0.579802811 -0.573386371 -0.706811726 -0.707401812 0 -0.706811726 -0.707401812 0 -0.706811726 -0.707401812 0 -0.706811726 -0.707401812 0 -0.706811726 -0.707401812 0 -0.706811726 -0.707401812 0 -1 0 0 -1 0 0 -1 0 0 -1 0 0 -1 0 0 -1 0 0 -1 0 0 -1 0 0 -1 0 0 0.706815481 0.707397878 0 0.706815481 0.707397878 0 0.706815481 0.707397878 0 0.706815481 0.707397878 0 0.706815481 0.707397878 0 0.706815481 0.707397878 0 0.706815481 0.707397878 0 0.706815481 0.707397878 0 0.706815481 0.707397878 0 0 0 -1 0 0 -1 0 0 -1 0 0 -1 0 0 -1 0 0 -1 -0.708774805 0 -0.705434799 -0.708774805 0 -0.705434799 -0.708774805 0 -0.705434799 -0.708774805 0 -0.705434799 -0.708774805 0 -0.705434799 -0.708774805 0 -0.705434799 -0.708774805 0 -0.705434799 -0.708774805 0 -0.705434799 -0.708774805 0 -0.705434799 -1 0 0 -1 0 0 -1 0 0 -1 0 0 -1 0 0 -1 0 0 -1 0 0 -1 0 0 -1 0 0 -1 0 0 -1 0 0 -1 0 0 0 0.709066272 0.705141783 0 0.709066272 0.705141783 0 0.709066272 0.705141783 0 0.709066272 0.705141783 0 0.709066272 0.705141783 0 0.709066272 0.705141783 -0.578846872 -0.579800427 -0.573382795 -0.578846872 -0.579800427 -0.573382795 -0.578846872 -0.579800427 -0.573382795 0 -0.709068775 -0.70513922 0 -0.709068775 -0.70513922 0 -0.709068775 -0.70513922 0 -0.709068775 -0.70513922 0 -0.709068775 -0.70513922 0 -0.709068775 -0.70513922 0.708774626 0 0.705434978 0.708774626 0 0.705434978 0.708774626 0 0.705434978 0.708774626 0 0.705434978 0.708774626 0 0.705434978 0.708774626 0 0.705434978 0.578845918 0.579801381 0.573382676 0.578845918 0.579801381 0.573382676 0.578845918 0.579801381 0.573382676 0 0.70906651 0.705141604 0 0.70906651 0.705141604 0 0.70906651 0.705141604 0 0.70906651 0.705141604 0 0.70906651 0.705141604 0 0.70906651 0.705141604 -0.708774924 0 -0.70543468 -0.708774924 0 -0.70543468 -0.708774924 0 -0.70543468 -0.708774924 0 -0.70543468 -0.708774924 0 -0.70543468 -0.708774924 0 -0.70543468 -0.708774686 0 -0.705434978 -0.708774686 0 -0.705434978 -0.708774686 0 -0.705434978 -0.708774686 0 -0.705434978 -0.708774686 0 -0.705434978 -0.708774686 0 -0.705434978 0 0.709069788 0.705138326 0 0.709069788 0.705138326 0 0.709069788 0.705138326 0 0.709069788 0.705138326 0 0.709069788 0.705138326 0 0.709069788 0.705138326 0.578846693 0.579799592 -0.573383629 0.578846693 0.579799592 -0.573383629 0.578846693 0.579799592 -0.573383629 -0.578844726 0.579801023 -0.573384285 -0.578844726 0.579801023 -0.573384285 -0.578844726 0.579801023 -0.573384285 0.708774924 0 0.70543468 0.708774924 0 0.70543468 0.708774924 0 0.70543468 0.708774924 0 0.70543468 0.708774924 0 0.70543468 0.708774924 0 0.70543468 0 0.709065914 -0.705142319 0 0.709065914 -0.705142319 0 0.709065914 -0.705142319 0 0.709065914 -0.705142319 0 0.709065914 -0.705142319 0 0.709065914 -0.705142319 0 0 -1 0 0 -1 0 0 -1 0 0 -1 0 0 -1 0 0 -1 -1 0 0 -1 0 0 -1 0 0 -1 0 0 -1 0 0 -1 0 0 -0.578846514 -0.579798579 0.573384881 -0.578846514 -0.579798579 0.573384881 -0.578846514 -0.579798579 0.573384881 0.708774328 0 -0.705435276 0.708774328 0 -0.705435276 0.708774328 0 -0.705435276 0.708774328 0 -0.705435276 0.708774328 0 -0.705435276 0.708774328 0 -0.705435276 0.708774924 0 0.70543468 0.708774924 0 0.70543468 0.708774924 0 0.70543468 0.708774924 0 0.70543468 0.708774924 0 0.70543468 0.708774924 0 0.70543468 0 0 1 0 0 1 0 0 1 0 0 1 0 0 1 0 0 1 -0.578844607 -0.579799592 -0.573385775 -0.578844607 -0.579799592 -0.573385775 -0.578844607 -0.579799592 -0.573385775 0 0.709068179 -0.705139875 0 0.709068179 -0.705139875 0 0.709068179 -0.705139875 0 0.709068179 -0.705139875 0 0.709068179 -0.705139875 0 0.709068179 -0.705139875 0.57884711 -0.579800129 -0.573382974 0.57884711 -0.579800129 -0.573382974 0.57884711 -0.579800129 -0.573382974 1 0 0 1 0 0 1 0 0 1 0 0 1 0 0 1 0 0 -0.708775103 0 0.705434501 -0.708775103 0 0.705434501 -0.708775103 0 0.705434501 -0.708775103 0 0.705434501 -0.708775103 0 0.705434501 -0.708775103 0 0.705434501 0 -0.709066987 -0.705141127 0 -0.709066987 -0.705141127 0 -0.709066987 -0.705141127 0 -0.709066987 -0.705141127 0 -0.709066987 -0.705141127 0 -0.709066987 -0.705141127 0.706811905 0.707401514 0 0.706811905 0.707401514 0 0.706811905 0.707401514 0 0.706811905 0.707401514 0 0.706811905 0.707401514 0 0.706811905 0.707401514 0 0 -1 0 0 -1 0 0 -1 0 0 -1 0 0 -1 0 0 -1 0 0 -1 0 0 -1 0 0 -1 0 0 -1 0 0 -1 0 0 -1 0 0 -1 0 0 -1 0 0 -1 0 0 -1 0 0 -1 0 0 -1 0 0 -1 0 0 -1 0 0 -1 0 0 -1 0 0 -1 0 0 -1 0 -0.578842521 -0.579800487 -0.573387086 -0.578842521 -0.579800487 -0.573387086 -0.578842521 -0.579800487 -0.573387086 -0.578845978 -0.579802096 0.573381901 -0.578845978 -0.579802096 0.573381901 -0.578845978 -0.579802096 0.573381901 -0.578848481 -0.579796672 -0.573384881 -0.578848481 -0.579796672 -0.573384881 -0.578848481 -0.579796672 -0.573384881 0.708774984 0 -0.70543462 0.708774984 0 -0.70543462 0.708774984 0 -0.70543462 0.708774984 0 -0.70543462 0.708774984 0 -0.70543462 0.708774984 0 -0.70543462 -0.578845918 0.5797984 -0.573385715 -0.578845918 0.5797984 -0.573385715 -0.578845918 0.5797984 -0.573385715 -0.578845918 0.5797984 -0.573385715 -0.578845918 0.5797984 -0.573385715 -0.578845918 0.5797984 -0.573385715 -0.578845918 0.5797984 -0.573385715 -0.578845918 0.5797984 -0.573385715 -0.578845918 0.5797984 -0.573385715 0 1 0 0 1 0 0 1 0 0 1 0 0 1 0 0 1 0 -0.706813514 -0.707399905 0 -0.706813514 -0.707399905 0 -0.706813514 -0.707399905 0 -0.706813514 -0.707399905 0 -0.706813514 -0.707399905 0 -0.706813514 -0.707399905 0 0.578845382 0.579799294 -0.573385417 0.578845382 0.579799294 -0.573385417 0.578845382 0.579799294 -0.573385417 -0.57884562 0.579799116 0.573385417 -0.57884562 0.579799116 0.573385417 -0.57884562 0.579799116 0.573385417 0.706809402 -0.707404077 0 0.706809402 -0.707404077 0 0.706809402 -0.707404077 0 0.706809402 -0.707404077 0 0.706809402 -0.707404077 0 0.706809402 -0.707404077 0 -0.578846574 -0.579799771 0.573383629 -0.578846574 -0.579799771 0.573383629 -0.578846574 -0.579799771 0.573383629 0.578848779 0.57979691 -0.573384285 0.578848779 0.57979691 -0.573384285 0.578848779 0.57979691 -0.573384285 0 -1 0 0 -1 0 0 -1 0 0 -1 0 0 -1 0 0 -1 0 0 -1 0 0 -1 0 0 -1 0 0 -1 0 0 -1 0 0 -1 0 0 -1 0 0 -1 0 0 -1 0 0 -1 0 0 -1 0 0 -1 0 0 -1 0 0 -1 0 0 -1 0 0 -1 0 0 -1 0 0 -1 0 1 0 0 1 0 0 1 0 0 1 0 0 1 0 0 1 0 0 1 0 0 1 0 0 1 0 0 0 -0.70906651 0.705141485 0 -0.70906651 0.705141485 0 -0.70906651 0.705141485 0 -0.70906651 0.705141485 0 -0.70906651 0.705141485 0 -0.70906651 0.705141485 0 -0.70906651 0.705141485 0 -0.70906651 0.705141485 0 -0.70906651 0.705141485 0 -0.70906651 0.705141485 0 -0.70906651 0.705141485 0 -0.70906651 0.705141485 0 -0.70906651 0.705141485 0 -0.70906651 0.705141485 0 -0.70906651 0.705141485 0 -0.70906651 0.705141485 0 -0.70906651 0.705141485 0 -0.70906651 0.705141485 0.578843713 0.579801381 -0.573385 0.578843713 0.579801381 -0.573385 0.578843713 0.579801381 -0.573385 0.578845382 -0.579799175 0.573385417 0.578845382 -0.579799175 0.573385417 0.578845382 -0.579799175 0.573385417 0.578845382 -0.579799175 0.573385417 0.578845382 -0.579799175 0.573385417 0.578845382 -0.579799175 0.573385417 0.578845382 -0.579799175 0.573385417 0.578845382 -0.579799175 0.573385417 0.578845382 -0.579799175 0.573385417 -0.578845203 0.579799175 0.573385596 -0.578845203 0.579799175 0.573385596 -0.578845203 0.579799175 0.573385596 0 0.709066212 -0.705141902 0 0.709066212 -0.705141902 0 0.709066212 -0.705141902 0 0.709066212 -0.705141902 0 0.709066212 -0.705141902 0 0.709066212 -0.705141902 0 1 0 0 1 0 0 1 0 0 1 0 0 1 0 0 1 0 -1 0 0 -1 0 0 -1 0 0 -1 0 0 -1 0 0 -1 0 0 -0.578842819 -0.579800487 0.573386788 -0.578842819 -0.579800487 0.573386788 -0.578842819 -0.579800487 0.573386788 0.578841209 -0.579802811 0.573386073 0.578841209 -0.579802811 0.573386073 0.578841209 -0.579802811 0.573386073 0.708774924 0 -0.70543468 0.708774924 0 -0.70543468 0.708774924 0 -0.70543468 0.708774924 0 -0.70543468 0.708774924 0 -0.70543468 0.708774924 0 -0.70543468 0.708774984 0 0.70543462 0.708774984 0 0.70543462 0.708774984 0 0.70543462 0.708774984 0 0.70543462 0.708774984 0 0.70543462 0.708774984 0 0.70543462 0.706813872 -0.707399487 0 0.706813872 -0.707399487 0 0.706813872 -0.707399487 0 0.706813872 -0.707399487 0 0.706813872 -0.707399487 0 0.706813872 -0.707399487 0 0.706813872 -0.707399487 0 0.706813872 -0.707399487 0 0.706813872 -0.707399487 0 0.706813872 -0.707399487 0 0.706813872 -0.707399487 0 0.706813872 -0.707399487 0 0.706813872 -0.707399487 0 0.706813872 -0.707399487 0 0.706813872 -0.707399487 0 0 0 1 0 0 1 0 0 1 0 0 1 0 0 1 0 0 1 -0.70681411 -0.707399189 0 -0.70681411 -0.707399189 0 -0.70681411 -0.707399189 0 -0.70681411 -0.707399189 0 -0.70681411 -0.707399189 0 -0.70681411 -0.707399189 0 0 -0.709066272 0.705141783 0 -0.709066272 0.705141783 0 -0.709066272 0.705141783 0 -0.709066272 0.705141783 0 -0.709066272 0.705141783 0 -0.709066272 0.705141783 -0.706815481 0.707397878 0 -0.706815481 0.707397878 0 -0.706815481 0.707397878 0 -0.706815481 0.707397878 0 -0.706815481 0.707397878 0 -0.706815481 0.707397878 0 -0.706815481 0.707397878 0 -0.706815481 0.707397878 0 -0.706815481 0.707397878 0 0.578844011 0.579801321 0.573384702 0.578844011 0.579801321 0.573384702 0.578844011 0.579801321 0.573384702 0 0 -1 0 0 -1 0 0 -1 0 0 -1 0 0 -1 0 0 -1 1 0 0 1 0 0 1 0 0 1 0 0 1 0 0 1 0 0 0 0 1 0 0 1 0 0 1 0 0 1 0 0 1 0 0 1 -0.578845203 0.579799414 -0.573385715 -0.578845203 0.579799414 -0.573385715 -0.578845203 0.579799414 -0.573385715 0.706814408 0.707399011 0 0.706814408 0.707399011 0 0.706814408 0.707399011 0 0.706814408 0.707399011 0 0.706814408 0.707399011 0 0.706814408 0.707399011 0 0 1 0 0 1 0 0 1 0 0 1 0 0 1 0 0 1 0 1 0 0 1 0 0 1 0 0 1 0 0 1 0 0 1 0 0 1 0 0 1 0 0 1 0 0 1 0 0 1 0 0 1 0 0 -0.706814289 0.70739907 0 -0.706814289 0.70739907 0 -0.706814289 0.70739907 0 -0.706814289 0.70739907 0 -0.706814289 0.70739907 0 -0.706814289 0.70739907 0 -0.706814289 0.70739907 0 -0.706814289 0.70739907 0 -0.706814289 0.70739907 0 -0.706814289 0.70739907 0 -0.706814289 0.70739907 0 -0.706814289 0.70739907 0 -0.706814289 0.70739907 0 -0.706814289 0.70739907 0 -0.706814289 0.70739907 0 0 -0.709066212 -0.705141902 0 -0.709066212 -0.705141902 0 -0.709066212 -0.705141902 0 -0.709066212 -0.705141902 0 -0.709066212 -0.705141902 0 -0.709066212 -0.705141902 0.578846216 -0.579801679 0.57338208 0.578846216 -0.579801679 0.57338208 0.578846216 -0.579801679 0.57338208 0.708774984 0 0.70543462 0.708774984 0 0.70543462 0.708774984 0 0.70543462 0.708774984 0 0.70543462 0.708774984 0 0.70543462 0.708774984 0 0.70543462 0.708774984 0 0.70543462 0.708774984 0 0.70543462 0.708774984 0 0.70543462 0 -1 0 0 -1 0 0 -1 0 0 -1 0 0 -1 0 0 -1 0 0 -1 0 0 -1 0 0 -1 0 0 -1 0 0 -1 0 0 -1 0 0 -1 0 0 -1 0 0 -1 0 0 -1 0 0 -1 0 0 -1 0 </float_array>
          <technique_common>
            <accessor count="840" offset="0" source="#tree_detailed_1-normals-array" stride="3">
              <param name="X" type="float" />
              <param name="Y" type="float" />
              <param name="Z" type="float" />
            </accessor>
          </technique_common>
        </source>
        <source id="tree_detailed_1-tex0" name="tree_detailed_1-tex0">
          <float_array id="tree_detailed_1-tex0-array" count="1680"> 2.379282 8.87368107 -2.37928295 13.6322403 -2.37928295 8.87368107 -2.37928295 13.6322403 2.379282 8.87368107 2.379282 13.6322403 5.5060482 36.2823181 7.399755 29.9993 7.399755 36.2886505 7.399755 29.9993 5.5060482 36.2823181 5.5060482 30.0056305 -6.27447891 28.85466 -4.91632986 28.8861103 -6.25221395 30.7790394 -4.91632986 28.8861103 -6.27447891 28.85466 6.27447796 28.85466 -4.91632986 28.8861103 6.27447796 28.85466 1.37302196 28.8861103 1.37302196 28.8861103 6.27447796 28.85466 2.70890594 30.7790394 2.70890594 30.7790394 6.27447796 28.85466 2.70890594 31.3324699 6.28935099 32.6436386 2.70890594 31.3324699 6.27447796 28.85466 2.70890594 31.3324699 6.28935099 32.6436386 1.78358102 32.6436386 -6.25221395 31.3324699 -6.27447891 28.85466 -6.25221395 30.7790394 -6.25221395 31.3324699 -6.28935194 32.6436386 -6.27447891 28.85466 -6.28935194 32.6436386 -6.25221395 31.3324699 -5.32688904 32.6436386 -8.00561428 30.0056305 -9.89932156 36.2886505 -9.89932156 29.9993 -9.89932156 36.2886505 -8.00561428 30.0056305 -8.00561428 36.2823181 1.37302196 36.2886505 -4.91632891 29.9993 1.37302196 29.9993 -4.91632891 29.9993 1.37302196 36.2886505 -4.91632891 36.2886505 6.28935099 49.7855911 1.78358102 37.2068901 6.28935099 37.2068901 1.78358102 37.2068901 6.28935099 49.7855911 1.36558604 37.6245308 1.36558604 37.6245308 6.28935099 49.7855911 -4.90889311 37.6245308 -6.28935194 49.7855911 -4.90889311 37.6245308 6.28935099 49.7855911 -6.28935194 37.2068901 -4.90889311 37.6245308 -6.28935194 49.7855911 -4.90889311 37.6245308 -6.28935194 37.2068901 -5.32688904 37.2068901 -5.48503685 29.9993 -7.37874079 35.8920784 -7.37874079 30.0056305 -7.37874079 35.8920784 -5.48503685 29.9993 -5.48503685 34.5572891 6.708354 23.63867 -0.823687077 31.1707096 -0.823687077 23.63867 -0.823687077 31.1707096 6.708354 23.63867 6.708354 31.1707096 6.708354 28.2558193 -0.822353899 25.9770603 6.70701981 25.9770603 -0.822353899 25.9770603 6.708354 28.2558193 -0.823687077 28.2558193 -9.81984425 26.9309101 -10.9588003 24.9633808 -8.68635941 24.9540691 5.63908482 29.3320503 4.50559902 27.3552094 6.77803898 27.3645306 -6.708354 31.1707096 0.823687077 23.63867 0.823687077 31.1707096 0.823687077 23.63867 -6.708354 31.1707096 -6.708354 23.63867 -6.70701981 10.4886703 0.823687077 12.7674303 -6.708354 12.7674303 0.823687077 12.7674303 -6.70701981 10.4886703 0.822353899 10.4886703 6.48461485 31.08424 7.43374395 32.7238388 5.54004097 32.7316093 -9.81984329 17.7255001 -8.68636131 19.7023506 -10.9588003 19.6930294 8.87283897 14.1027298 13.6322403 15.5429001 8.87368107 15.5429001 13.6322403 15.5429001 8.87283897 14.1027298 13.63309 14.1027298 -2.38492203 23.4959507 2.37928295 22.0591698 2.38492203 23.4959507 2.37928295 22.0591698 -2.38492203 23.4959507 -2.379282 22.0591698 6.27447891 -6.34990215 -6.27447891 6.19905615 -6.27447891 -6.34990215 -6.27447891 6.19905615 6.27447891 -6.34990215 6.27447891 6.19905615 0.095626168 33.3133507 1.99388301 36.5925598 -1.79351497 36.6080818 -8.03363705 22.7367897 -8.97821045 24.3841591 -9.92733955 22.7445602 -0.823687077 10.4841604 6.70701981 12.7629099 -0.822353899 12.7629099 6.70701981 12.7629099 -0.823687077 10.4841604 6.708354 10.4841604 -7.17382193 31.1783009 -14.7210503 23.6310692 -7.17382193 23.6310692 -14.7210503 23.6310692 -7.17382193 31.1783009 -14.7210503 31.1783009 7.71552706 23.7322807 13.9911098 25.6312408 7.71441603 25.6312408 13.9911098 25.6312408 7.71552706 23.7322807 13.9900103 23.7322807 8.93612003 22.2276802 9.88068867 23.8750591 7.98698902 23.8672905 -7.18274593 6.70701981 -8.72284889 2.58278704 -7.18274593 -0.822353899 -8.72284889 2.58278704 -7.18274593 6.70701981 -14.7121201 6.70701981 -7.18274593 -0.822353899 -8.72284889 2.58278704 -8.37178516 0.543803811 -8.72284889 2.58278704 -14.7121201 6.70701981 -11.9995899 3.49412704 -8.37178516 0.543803811 -14.7121201 -0.822353899 -7.18274593 -0.822353899 -14.7121201 -0.822353899 -11.9995899 3.49412704 -14.7121201 6.70701981 -14.7121201 -0.822353899 -8.37178516 0.543803811 -11.6255999 1.32193398 -14.7121201 -0.822353899 -11.6255999 1.32193398 -11.9995899 3.49412704 0.822353899 28.2513695 -6.708354 25.9726295 0.823687077 25.9726295 -6.708354 25.9726295 0.822353899 28.2513695 -6.70701981 28.2513695 6.28935194 49.7855911 -6.28935099 37.2068901 6.28935194 37.2068901 -6.28935099 37.2068901 6.28935194 49.7855911 -6.28935099 49.7855911 -7.71441603 23.1247101 -13.9900103 21.22575 -7.71552706 21.22575 -13.9900103 21.22575 -7.71441603 23.1247101 -13.9911098 23.1247101 6.27447891 6.19905615 1.16547799 1.50557208 6.27447891 -6.34990215 1.16547799 1.50557208 6.27447891 6.19905615 -6.27447891 6.19905615 1.16547799 1.50557208 -6.27447891 6.19905615 -1.16547799 1.50557208 -1.16547799 1.50557208 -6.27447891 6.19905615 -1.16547799 -0.825384498 1.16547799 -0.825384498 6.27447891 -6.34990215 1.16547799 1.50557208 6.27447891 -6.34990215 1.16547799 -0.825384498 -6.27447891 -6.34990215 -6.27447891 -6.34990215 1.16547799 -0.825384498 -1.16547799 -0.825384498 -6.27447891 -6.34990215 -1.16547799 -0.825384498 -6.27447891 6.19905615 -6.72211218 15.9351301 -4.44967318 15.9444399 -5.58862495 17.9119701 -6.28935099 32.5366783 6.27447891 28.7476902 6.28935194 32.5366783 6.27447891 28.7476902 -6.28935099 32.5366783 -6.27447891 28.7476902 6.34990215 32.6390495 -6.20127821 28.8411293 6.35212517 28.8411293 -6.20127821 28.8411293 6.34990215 32.6390495 -6.19905615 32.6390495 -7.18274593 18.3597298 -14.7210503 16.0863495 -7.17382193 16.0863495 -14.7210503 16.0863495 -7.18274593 18.3597298 -14.7121201 18.3597298 5.63907385 15.3243704 6.77803087 17.2919006 4.50559187 17.3012199 7.29427719 12.0648699 8.73045921 12.0707598 8.01063538 13.3142405 -1.81925797 49.7729416 1.96815002 37.2068901 1.96815002 49.7855911 1.96815002 37.2068901 -1.81925797 49.7729416 -1.81925797 37.2195396 8.69509125 21.2480602 7.9787302 22.4974308 7.25890923 21.2539597 1.86123002 37.2068901 -1.92618001 49.7729416 -1.92618001 37.2195396 -1.92618001 49.7729416 1.86123002 37.2068901 1.86123002 49.7855911 -4.90889311 30.1316299 1.37302196 32.0261192 -4.91632891 32.0261192 1.37302196 32.0261192 -4.90889311 30.1316299 1.36558604 30.1316299 14.7210503 20.2589703 7.18274593 22.5323601 7.17382193 20.2589703 7.18274593 22.5323601 14.7210503 20.2589703 14.7121201 22.5323601 -1.90069008 36.5465317 -0.0115460996 33.2518005 1.88670993 36.5310097 -14.7210503 22.5619698 -7.18274593 20.2885799 -7.17382193 22.5619698 -7.18274593 20.2885799 -14.7210503 22.5619698 -14.7121201 20.2885799 10.9317799 23.63867 8.65933704 31.1783009 8.65933704 23.6310692 8.65933704 31.1783009 10.9317799 23.63867 10.9317799 31.1707096 10.9028397 26.3201294 8.63040352 26.3108101 9.76935863 24.3432808 6.28935099 28.6983795 -6.27447891 32.4873581 -6.28935194 28.6983795 -6.27447891 32.4873581 6.28935099 28.6983795 6.27447891 32.4873581 -4.48843384 23.6310692 -6.76087999 31.1707096 -6.76087999 23.63867 -6.76087999 31.1707096 -4.48843384 23.6310692 -4.48843384 31.1783009 -6.35212517 28.8411198 6.19905615 32.6390381 -6.34990215 32.6390381 6.19905615 32.6390381 -6.35212517 28.8411198 6.20127821 28.8411198 0.0115360999 37.6261406 -1.88672101 34.34692 1.90067697 34.3314018 -13.6322403 14.1055202 -8.87283897 15.5456896 -13.63309 15.5456896 -8.87283897 15.5456896 -13.6322403 14.1055202 -8.87368107 14.1055202 8.70186996 18.5883503 7.26568317 23.3533993 7.26568317 18.5931492 7.26568317 23.3533993 8.70186996 18.5883503 8.70186996 23.3582001 -11.6993799 30.3458004 -10.7882204 31.9198303 -12.6061802 31.9272709 6.903234 15.9642096 0.878667891 14.1412096 6.9021678 14.1412096 0.878667891 14.1412096 6.903234 15.9642096 0.877600908 15.9642096 -7.71441603 30.0056305 -13.9911098 36.2823181 -13.9911098 30.0056305 -13.9911098 36.2823181 -7.71441603 30.0056305 -8.10683727 36.2823181 -8.10683727 36.2823181 -7.71441603 30.0056305 -7.71441603 35.8920784 13.9900103 23.1210594 8.10683537 21.2221107 13.9911098 21.2220993 8.10683537 21.2221107 13.9900103 23.1210594 9.03654385 22.53018 9.03654385 22.53018 13.9900103 23.1210594 9.03654385 23.1210594 2.38492203 23.3582001 -2.38492203 18.5883503 2.38492203 18.5883503 -2.38492203 18.5883503 2.38492203 23.3582001 -2.38492203 23.3582001 -5.32069683 31.0174503 -7.13865376 37.04916 -7.13865376 31.0113907 -7.13865376 37.04916 -5.32069683 31.0174503 -5.83392382 37.0447998 -5.83392382 37.0447998 -5.32069683 31.0174503 -5.32069683 36.6830482 6.903234 31.0174503 0.877600908 36.6830482 0.877600908 31.0174503 0.877600908 36.6830482 6.903234 31.0174503 6.20083284 36.6830482 6.20083284 36.6830482 6.903234 31.0174503 6.56489515 37.0430908 6.56489515 37.0430908 6.903234 31.0174503 6.903234 37.0430908 15.7372799 22.1351299 9.70664215 20.3164101 15.7444201 20.3164101 9.70664215 20.3164101 15.7372799 22.1351299 9.71378136 22.1351299 8.69509506 12.9282598 7.25891304 12.9223604 7.97873402 11.6788902 -2.37928295 6.10092402 2.38492203 7.53770304 -2.38492203 7.53770304 2.38492203 7.53770304 -2.37928295 6.10092402 2.379282 6.10092402 5.30055809 37.04916 7.11851597 31.0174503 7.11851597 37.0430908 7.11851597 31.0174503 5.30055809 37.04916 5.30055809 31.0113907 -8.01063442 13.31425 -8.73045921 12.0707798 -7.29427719 12.0648804 6.27447891 32.5943298 -6.28935099 28.8053398 6.28935194 28.8053398 -6.28935099 28.8053398 6.27447891 32.5943298 -6.27447891 32.5943298 8.68595314 18.5931492 7.24976683 23.3582001 7.24976683 18.5883503 7.24976683 23.3582001 8.68595314 18.5931492 8.68595314 23.3533993 1.81926394 37.2195396 -1.96814609 49.7855911 -1.96814609 37.2068901 -1.96814609 49.7855911 1.81926394 37.2195396 1.81926394 49.7729416 2.37928295 7.51894474 -2.38492203 6.08216095 2.38492203 6.08216095 -2.38492203 6.08216095 2.37928295 7.51894474 -2.379282 7.51894474 -7.97873116 22.4974308 -8.69509125 21.2480698 -7.25890923 21.2539597 10.9028702 18.3362808 9.76938438 20.3131199 8.63043213 18.3455906 -10.9569702 31.1783009 -8.68452072 23.63867 -8.68452072 31.1707096 -8.68452072 23.63867 -10.9569702 31.1783009 -10.9569702 23.6310692 1.37302196 14.71632 -4.90889311 16.6108093 -4.91632891 14.71632 -4.90889311 16.6108093 1.37302196 14.71632 1.36558604 16.6108093 14.7210503 31.1783009 7.17382193 23.6310692 14.7210503 23.6310692 7.17382193 23.6310692 14.7210503 31.1783009 7.17382193 31.1783009 6.20127821 37.2195396 -6.35212517 49.7729416 -6.35212517 37.2195396 -6.35212517 49.7729416 6.20127821 37.2195396 6.20127821 49.7729416 -7.38709593 22.4155006 -6.44252777 20.7681293 -5.49339676 22.4077396 -12.6333799 37.0430908 -10.8154202 31.0113907 -10.8154202 37.04916 -10.8154202 31.0113907 -12.6333799 37.0430908 -12.6333799 31.0174503 -8.70186901 23.3582001 -7.26568317 18.5931492 -7.26568317 23.3533993 -7.26568317 18.5931492 -8.70186901 23.3582001 -8.70186901 18.5883503 2.38492203 23.3582001 -2.38492203 18.5883503 2.38492203 18.5883503 -2.38492203 18.5883503 2.38492203 23.3582001 -2.38492203 23.3582001 1.79352093 36.6080818 -1.99387801 36.5925598 -0.0956223235 33.3133507 2.38492203 22.0404606 -2.37928295 23.4772396 -2.38492203 22.0404606 -2.37928295 23.4772396 2.38492203 22.0404606 2.379282 23.4772396 -7.97873497 11.6788902 -7.25891304 12.92237 -8.69509506 12.9282598 -13.63309 23.3533993 -8.87283897 18.5931492 -8.87283897 23.3533993 -8.87283897 18.5931492 -13.63309 23.3533993 -13.63309 18.5931492 12.6535101 31.0113907 10.8355598 37.0430908 10.8355598 31.0174503 10.8355598 37.0430908 12.6535101 31.0113907 12.6535101 37.04916 7.18274593 16.1159592 14.7210503 18.3893509 7.17382193 18.3893509 14.7210503 18.3893509 7.18274593 16.1159592 14.7121201 16.1159592 -0.878667891 15.9606705 -6.903234 14.13766 -0.877600908 14.13766 -6.903234 14.13766 -0.878667891 15.9606705 -6.9021678 15.9606705 2.37928295 13.6322403 1.05621898 11.9425201 2.37928295 8.87368107 1.05621898 11.9425201 2.37928295 13.6322403 -2.379282 13.6322403 1.05621898 11.9425201 -2.379282 13.6322403 -1.05621898 11.9425201 1.00778401 9.69863987 2.37928295 8.87368107 1.05621898 11.9425201 2.37928295 8.87368107 1.00778401 9.69863987 -2.379282 8.87368107 -2.379282 8.87368107 -1.05621898 11.9425201 -2.379282 13.6322403 -2.379282 8.87368107 1.00778401 9.69863987 -1.00778401 9.69863987 -2.379282 8.87368107 -1.00778401 9.69863987 -1.05621898 11.9425201 -5.30504513 21.4435692 -7.12299585 21.4361305 -6.21183681 19.8621006 7.29428816 22.1113892 8.01064587 20.8620205 8.73047066 22.1054993 -8.03362846 31.2720604 -9.92733097 31.2642899 -8.97820282 29.6246891 4.51361609 31.1707096 6.78606224 23.6310692 6.78606224 31.1783009 6.78606224 23.6310692 4.51361609 31.1707096 4.51361609 23.63867 -5.81824303 34.0114899 -5.94121218 34.2259483 -7.12296915 34.0168419 -5.68256378 34.6678505 -7.12296915 34.0168419 -5.94121218 34.2259483 -7.12296915 34.0168419 -5.68256378 34.6678505 -6.21180487 35.5908699 14.7121201 -0.822353899 7.18274593 6.70701981 7.18274593 -0.822353899 7.18274593 6.70701981 14.7121201 -0.822353899 14.7121201 6.70701981 6.20127821 32.6463699 -6.34990215 28.8484592 6.19905615 28.8484592 -6.34990215 28.8484592 6.20127821 32.6463699 -6.35212517 32.6463699 0.0956324637 37.5645905 -1.79350805 34.2698517 1.99389005 34.2853699 10.8329096 30.8345394 12.6508598 30.8419991 11.7397003 32.4160194 -6.9021678 32.1453094 -0.877600908 33.9682999 -6.903234 33.9682999 -0.877600908 33.9682999 -6.9021678 32.1453094 -0.878667891 32.1453094 -6.72207403 28.7212601 -5.58859015 26.7444096 -4.44963503 28.7119408 6.48462391 22.9246101 5.54005098 21.2772408 7.43375397 21.2850094 15.7372799 6.9021678 13.7966404 4.69704008 15.7372799 0.878667891 13.7966404 4.69704008 15.7372799 6.9021678 9.71378136 6.9021678 13.7966404 4.69704008 9.71378136 6.9021678 11.2388897 4.11861992 11.2388897 4.11861992 9.71378136 6.9021678 11.2388897 2.27494287 13.7966404 2.72870493 15.7372799 0.878667891 13.7966404 4.69704008 15.7372799 0.878667891 13.7966404 2.72870493 9.71378136 0.878667891 9.71378136 0.878667891 13.7966404 2.72870493 11.2388897 2.27494287 9.71378136 0.878667891 11.2388897 2.27494287 9.71378136 6.9021678 8.10683727 36.2823181 13.9911098 30.0056305 13.9911098 36.2823181 13.9911098 30.0056305 8.10683727 36.2823181 7.71441603 30.0056305 7.71441603 30.0056305 8.10683727 36.2823181 7.71441603 35.8920784 -1.37302196 16.6354408 4.90889406 14.7409401 4.91632891 16.6354408 4.90889406 14.7409401 -1.37302196 16.6354408 1.52358508 14.8659897 4.90889406 14.7409401 1.52358508 14.8659897 1.54943109 14.7409401 1.52358508 14.8659897 -1.37302196 16.6354408 -0.376819789 14.8659897 -0.376819789 14.8659897 -1.37302196 16.6354408 -1.36558604 14.7409401 -1.36558604 14.7409401 -0.360729605 14.7409401 -0.376819789 14.8659897 -11.6993399 25.1070309 -12.6061296 23.5255508 -10.7881804 23.5330009 -1.88672101 36.5310211 1.26448298 36.3299789 1.38745201 36.5444412 1.26448298 36.3299789 -1.88672101 36.5310211 1.52312994 35.8880806 1.52312994 35.8880806 -1.88672101 36.5310211 0.0115364101 33.2518005 -1.90068197 34.3314018 1.88671708 34.34692 -0.0115398904 37.6261406 -9.70664215 25.8335495 -15.7372799 27.6522598 -15.7444201 25.8335495 -15.7372799 27.6522598 -9.70664215 25.8335495 -9.71378136 27.6522598 1.36558604 -13.9900103 -4.90889311 -9.0365448 -4.90889311 -13.9900103 -4.90889311 -9.0365448 1.36558604 -13.9900103 1.36558604 -9.0365448 13.63309 18.5931492 8.87283897 23.3533993 8.87283897 18.5931492 8.87283897 23.3533993 13.63309 18.5931492 13.63309 23.3533993 10.8329096 24.6184196 11.7397099 23.0369492 12.6508703 24.6109791 6.17150593 33.5206795 7.07830477 35.10215 5.26035118 35.0946999 -8.68595314 23.3533993 -7.24976683 18.5883503 -7.24976683 23.3582001 -7.24976683 18.5883503 -8.68595314 23.3533993 -8.68595314 18.5931492 7.98460913 34.5572891 9.87831306 30.0056305 9.87831306 35.8920784 9.87831306 30.0056305 7.98460913 34.5572891 7.98460913 29.9993 -6.19905615 28.8484592 -0.877600372 31.8873596 -6.20083284 31.8873596 6.34990215 28.8484592 -0.877600372 31.8873596 -6.19905615 28.8484592 6.34990215 28.8484592 -0.513837874 32.3991585 -0.877600372 31.8873596 6.35212517 32.6463814 -0.513837874 32.3991585 6.34990215 28.8484592 -0.513837874 32.3991585 6.35212517 32.6463814 -0.513982475 32.6463814 4.91632891 34.5572891 -1.37302196 29.9993 4.91632891 29.9993 -1.37302196 29.9993 4.91632891 34.5572891 -1.37302196 34.5572891 13.63309 15.54568 8.87368107 14.1055098 13.6322403 14.1055098 8.87368107 14.1055098 13.63309 15.54568 8.87283897 15.54568 9.70664215 27.6759205 15.7372799 25.8572102 15.7444201 27.6759205 15.7372799 25.8572102 9.70664215 27.6759205 9.71378136 25.8572102 -13.9911098 23.7286301 -9.0365448 25.6275902 -13.9900103 25.6275902 -9.0365448 25.6275902 -13.9911098 23.7286301 -9.0365448 25.0366993 -9.0365448 25.0366993 -13.9911098 23.7286301 -8.10683632 23.7286301 6.17144823 21.9321709 5.26028919 20.3581505 7.07824278 20.3506908 -9.70664215 37.04916 -15.7444201 31.0113907 -9.70664215 31.0113907 -15.7444201 31.0113907 -9.70664215 37.04916 -15.7444201 37.04916 -6.903234 37.0430908 -0.877600908 31.0174503 -0.877600908 37.0430908 -0.877600908 31.0174503 -6.903234 37.0430908 -6.903234 31.0174503 15.7444201 37.04916 9.70664215 31.0113907 15.7444201 31.0113907 9.70664215 31.0113907 15.7444201 37.04916 9.70664215 37.04916 1.79351401 34.2698402 -0.0956286117 37.5645905 -1.99388599 34.2853699 -8.87368107 15.5429096 -13.63309 14.1027403 -8.87283897 14.1027403 -13.63309 14.1027403 -8.87368107 15.5429096 -13.6322403 15.5429096 -9.71378136 0.878667891 -15.7372799 6.9021678 -15.7372799 0.878667891 -15.7372799 6.9021678 -9.71378136 0.878667891 -9.71378136 6.9021678 -6.20127821 49.7729416 6.35212517 37.2195396 6.35212517 49.7729416 6.35212517 37.2195396 -6.20127821 49.7729416 -0.513983071 37.2195396 -0.513983071 37.2195396 -6.20127821 49.7729416 -0.878044903 37.5795784 -0.878044903 37.5795784 -6.20127821 49.7729416 -6.20127821 37.5795784 0.878046811 32.9008789 6.90217018 33.964859 0.878669977 33.964859 6.90217018 33.964859 0.878046811 32.9008789 6.20128012 32.9008713 6.90217018 33.964859 6.20128012 32.9008713 6.90323591 32.1418495 6.90323591 32.1418495 6.20128012 32.9008713 6.56504202 32.3890686 6.90323591 32.1418495 6.56504202 32.3890686 6.56489706 32.1418495 -15.7372799 20.3400898 -9.70664215 22.1588001 -15.7444201 22.1588001 -9.70664215 22.1588001 -15.7372799 20.3400898 -9.71378136 20.3400898 -8.01064491 20.8620205 -7.29428816 22.1113892 -8.73047066 22.1054993 -1.86123395 49.7855911 1.92617393 37.5795784 1.92617393 49.7729416 1.92617393 37.5795784 -1.86123395 49.7855911 1.41294801 37.2178192 1.41294801 37.2178192 -1.86123395 49.7855911 -1.86123395 37.2068901 1.54943109 -7.71552706 4.90889311 -13.9900103 4.90889311 -7.71552706 4.90889311 -13.9900103 1.54943109 -7.71552706 2.37964201 -10.3721504 2.37964201 -10.3721504 -1.36558604 -13.9900103 4.90889311 -13.9900103 -1.36558604 -13.9900103 2.37964201 -10.3721504 0.328201503 -10.3721504 -1.36558604 -13.9900103 0.328201503 -10.3721504 -0.360729605 -7.71552706 -1.36558604 -13.9900103 -0.360729605 -7.71552706 -1.36558604 -7.71552706 </float_array>
          <technique_common>
            <accessor count="840" offset="0" source="#tree_detailed_1-tex0-array" stride="2">
              <param name="S" type="float" />
              <param name="T" type="float" />
            </accessor>
          </technique_common>
        </source>
        <vertices id="tree_detailed_1-vertices">
          <input semantic="POSITION" source="#tree_detailed_1-positions" />
        </vertices>
        <polylist count="280" material="defaultMaterial">
          <input offset="0" semantic="VERTEX" source="#tree_detailed_1-vertices" />
          <input offset="0" semantic="NORMAL" source="#tree_detailed_1-normals" />
          <input offset="0" semantic="TEXCOORD" source="#tree_detailed_1-tex0" set="0" />
          <vcount>3 3 3 3 3 3 3 3 3 3 3 3 3 3 3 3 3 3 3 3 3 3 3 3 3 3 3 3 3 3 3 3 3 3 3 3 3 3 3 3 3 3 3 3 3 3 3 3 3 3 3 3 3 3 3 3 3 3 3 3 3 3 3 3 3 3 3 3 3 3 3 3 3 3 3 3 3 3 3 3 3 3 3 3 3 3 3 3 3 3 3 3 3 3 3 3 3 3 3 3 3 3 3 3 3 3 3 3 3 3 3 3 3 3 3 3 3 3 3 3 3 3 3 3 3 3 3 3 3 3 3 3 3 3 3 3 3 3 3 3 3 3 3 3 3 3 3 3 3 3 3 3 3 3 3 3 3 3 3 3 3 3 3 3 3 3 3 3 3 3 3 3 3 3 3 3 3 3 3 3 3 3 3 3 3 3 3 3 3 3 3 3 3 3 3 3 3 3 3 3 3 3 3 3 3 3 3 3 3 3 3 3 3 3 3 3 3 3 3 3 3 3 3 3 3 3 3 3 3 3 3 3 3 3 3 3 3 3 3 3 3 3 3 3 3 3 3 3 3 3 3 3 3 3 3 3 3 3 3 3 3 3 3 3 3 3 3 3 3 3 3 3 3 3 3 3 3 3 3 3 </vcount>
          <p>0 1 2 3 4 5 6 7 8 9 10 11 12 13 14 15 16 17 18 19 20 21 22 23 24 25 26 27 28 29 30 31 32 33 34 35 36 37 38 39 40 41 42 43 44 45 46 47 48 49 50 51 52 53 54 55 56 57 58 59 60 61 62 63 64 65 66 67 68 69 70 71 72 73 74 75 76 77 78 79 80 81 82 83 84 85 86 87 88 89 90 91 92 93 94 95 96 97 98 99 100 101 102 103 104 105 106 107 108 109 110 111 112 113 114 115 116 117 118 119 120 121 122 123 124 125 126 127 128 129 130 131 132 133 134 135 136 137 138 139 140 141 142 143 144 145 146 147 148 149 150 151 152 153 154 155 156 157 158 159 160 161 162 163 164 165 166 167 168 169 170 171 172 173 174 175 176 177 178 179 180 181 182 183 184 185 186 187 188 189 190 191 192 193 194 195 196 197 198 199 200 201 202 203 204 205 206 207 208 209 210 211 212 213 214 215 216 217 218 219 220 221 222 223 224 225 226 227 228 229 230 231 232 233 234 235 236 237 238 239 240 241 242 243 244 245 246 247 248 249 250 251 252 253 254 255 256 257 258 259 260 261 262 263 264 265 266 267 268 269 270 271 272 273 274 275 276 277 278 279 280 281 282 283 284 285 286 287 288 289 290 291 292 293 294 295 296 297 298 299 300 301 302 303 304 305 306 307 308 309 310 311 312 313 314 315 316 317 318 319 320 321 322 323 324 325 326 327 328 329 330 331 332 333 334 335 336 337 338 339 340 341 342 343 344 345 346 347 348 349 350 351 352 353 354 355 356 357 358 359 360 361 362 363 364 365 366 367 368 369 370 371 372 373 374 375 376 377 378 379 380 381 382 383 384 385 386 387 388 389 390 391 392 393 394 395 396 397 398 399 400 401 402 403 404 405 406 407 408 409 410 411 412 413 414 415 416 417 418 419 420 421 422 423 424 425 426 427 428 429 430 431 432 433 434 435 436 437 438 439 440 441 442 443 444 445 446 447 448 449 450 451 452 453 454 455 456 457 458 459 460 461 462 463 464 465 466 467 468 469 470 471 472 473 474 475 476 477 478 479 480 481 482 483 484 485 486 487 488 489 490 491 492 493 494 495 496 497 498 499 500 501 502 503 504 505 506 507 508 509 510 511 512 513 514 515 516 517 518 519 520 521 522 523 524 525 526 527 528 529 530 531 532 533 534 535 536 537 538 539 540 541 542 543 544 545 546 547 548 549 550 551 552 553 554 555 556 557 558 559 560 561 562 563 564 565 566 567 568 569 570 571 572 573 574 575 576 577 578 579 580 581 582 583 584 585 586 587 588 589 590 591 592 593 594 595 596 597 598 599 600 601 602 603 604 605 606 607 608 609 610 611 612 613 614 615 616 617 618 619 620 621 622 623 624 625 626 627 628 629 630 631 632 633 634 635 636 637 638 639 640 641 642 643 644 645 646 647 648 649 650 651 652 653 654 655 656 657 658 659 660 661 662 663 664 665 666 667 668 669 670 671 672 673 674 675 676 677 678 679 680 681 682 683 684 685 686 687 688 689 690 691 692 693 694 695 696 697 698 699 700 701 702 703 704 705 706 707 708 709 710 711 712 713 714 715 716 717 718 719 720 721 722 723 724 725 726 727 728 729 730 731 732 733 734 735 736 737 738 739 740 741 742 743 744 745 746 747 748 749 750 751 752 753 754 755 756 757 758 759 760 761 762 763 764 765 766 767 768 769 770 771 772 773 774 775 776 777 778 779 780 781 782 783 784 785 786 787 788 789 790 791 792 793 794 795 796 797 798 799 800 801 802 803 804 805 806 807 808 809 810 811 812 813 814 815 816 817 818 819 820 821 822 823 824 825 826 827 828 829 830 831 832 833 834 835 836 837 838 839 </p>
        </polylist>
      </mesh>
    </geometry>
    <geometry id="tree_detailed_2" name="tree_detailed" >
      <mesh>
        <source id="tree_detailed_2-positions" name="tree_detailed_2-positions">
          <float_array id="tree_detailed_2-positions-array" count="1080"> 0.190800503 0.626439989 0.0684054196 0.350712299 0.746748984 0.0678542405 0.350712299 0.746748984 0.118405402 0.350712299 0.746748984 0.0678542405 0.190800503 0.626439989 0.0684054196 0.190800503 0.626439989 0.0178542398 -0.0274026394 0.42910099 0.301479191 -0.0255977102 0.415491998 0.195468202 -0.0274026394 0.361126006 0.189623594 -0.0255977102 0.415491998 0.195468202 -0.0274026394 0.42910099 0.301479191 -0.0255977102 0.446410507 0.246345401 -0.0255977102 0.446410507 0.246345401 -0.0274026394 0.42910099 0.301479191 -0.0268279593 0.446410507 0.303339988 -0.0260532908 0.631715477 -0.159926906 -0.00916253217 0.728050828 -0.195974395 0.00833631773 0.728050828 -0.26345259 -0.00916253217 0.728050828 -0.195974395 -0.0260532908 0.631715477 -0.159926906 -0.00957122445 0.730290473 -0.193722203 -0.00957122445 0.730290473 -0.193722203 -0.0260532908 0.631715477 -0.159926906 -0.0241351593 0.689492822 -0.149879307 0.188939601 0.682492495 0.0276019108 0.350712299 0.746748984 0.0678542405 0.190800503 0.626439989 0.0178542398 0.350712299 0.746748984 0.0678542405 0.188939601 0.682492495 0.0276019108 0.285467803 0.755114973 0.057783559 0.350712299 0.746748984 0.0678542405 0.285467803 0.755114973 0.057783559 0.350434601 0.755114973 0.0693091229 0.042662859 0.447509706 0.0681612119 0.0274026301 0.361126006 0.189623594 0.0456710383 0.3568995 0.0584202111 0.0274026301 0.361126006 0.189623594 0.042662859 0.447509706 0.0681612119 0.0255977195 0.415491998 0.195468202 -0.0632197335 0.0498095006 -0.0632197633 0.0543689802 0 -0.0543689802 -0.0543689802 0 -0.0543689802 0.0543689802 0 -0.0543689802 -0.0632197335 0.0498095006 -0.0632197633 0.063219741 0.0498095006 -0.0632197633 0.0388855115 0.561288774 0.00262195198 0.0486792102 0.266289294 0.0486792214 0.0486792102 0.266289294 -0.0486792102 0.0486792102 0.266289294 0.0486792214 0.0388855115 0.561288774 0.00262195198 0.0456710383 0.3568995 0.0584202111 0.0456710383 0.3568995 0.0584202111 0.0388855115 0.561288774 0.00262195198 0.042662859 0.447509706 0.0681612119 0.042662859 0.447509706 0.0681612119 0.0388855115 0.561288774 0.00262195198 0.0388855115 0.561288774 0.0803929865 -0.00957122445 0.730290473 -0.193722203 0.02413515 0.689492822 -0.149879307 0.0386990607 0.730290473 -0.193722203 0.02413515 0.689492822 -0.149879307 -0.00957122445 0.730290473 -0.193722203 -0.0241351593 0.689492822 -0.149879307 0.350434601 0.755114973 0.0693091229 0.350712299 0.746748984 0.118405402 0.350712299 0.746748984 0.0678542405 0.350712299 0.746748984 0.118405402 0.350434601 0.755114973 0.0693091229 0.350434601 0.755114973 0.119304799 0.0274026301 0.361126006 0.189623594 -0.0456710383 0.3568995 0.0584202111 0.0456710383 0.3568995 0.0584202111 -0.0456710383 0.3568995 0.0584202111 0.0274026301 0.361126006 0.189623594 -0.0274026394 0.361126006 0.189623594 0.063219741 0.0498095006 0.063219741 -0.0543689802 0 0.0543689802 0.0543689802 0 0.0543689802 -0.0543689802 0 0.0543689802 0.063219741 0.0498095006 0.063219741 -0.0632197335 0.0498095006 0.063219741 0.063219741 0.0498095006 0.063219741 0.0543689802 0 -0.0543689802 0.063219741 0.0498095006 -0.0632197633 0.0543689802 0 -0.0543689802 0.063219741 0.0498095006 0.063219741 0.0543689802 0 0.0543689802 -0.202900901 0.548339486 0.0591089688 -0.304789692 0.559511483 0.0887508169 -0.204522997 0.499478996 0.0538562387 -0.304789692 0.559511483 0.0887508169 -0.202900901 0.548339486 0.0591089688 -0.221560404 0.559511483 0.0656027868 0.0255977195 0.415491998 0.195468202 0.0274026301 0.42910099 0.301479191 0.0274026301 0.361126006 0.189623594 0.0274026301 0.42910099 0.301479191 0.0255977195 0.415491998 0.195468202 0.0255977195 0.446410507 0.246345401 0.0274026301 0.42910099 0.301479191 0.0255977195 0.446410507 0.246345401 0.0268279705 0.446410507 0.303339988 0.0296031497 0.87719202 0.0382415392 -0.036022611 0.647523522 0.0896636173 0.036022611 0.647523522 0.0896636173 -0.036022611 0.647523522 0.0896636173 0.0296031497 0.87719202 0.0382415392 -0.0296031404 0.87719202 0.0382415392 -0.0543689802 0 -0.0543689802 -0.0632197335 0.0498095006 0.063219741 -0.0632197335 0.0498095006 -0.0632197633 -0.0632197335 0.0498095006 0.063219741 -0.0543689802 0 -0.0543689802 -0.0543689802 0 0.0543689802 -0.0423642583 0.456504494 -0.0156003097 0.0486792102 0.266289294 -0.0486792102 -0.0486792102 0.266289294 -0.0486792102 0.0486792102 0.266289294 -0.0486792102 -0.0423642583 0.456504494 -0.0156003097 0.0388855115 0.561288774 0.00262195198 0.0388855115 0.561288774 0.00262195198 -0.0423642583 0.456504494 -0.0156003097 -0.0397662409 0.534760177 -0.0019914431 0.0388855115 0.561288774 0.00262195198 -0.0397662409 0.534760177 -0.0019914431 -0.0388855115 0.561288774 0.00262195198 0.350712299 0.746748984 0.118405402 0.188939601 0.682492495 0.0744313225 0.190800503 0.626439989 0.0684054196 0.188939601 0.682492495 0.0744313225 0.350712299 0.746748984 0.118405402 0.285467803 0.755114973 0.104612999 0.285467803 0.755114973 0.104612999 0.350712299 0.746748984 0.118405402 0.350434601 0.755114973 0.119304799 -0.0543689802 0 0.0543689802 0.0543689802 0 -0.0543689802 0.0543689802 0 0.0543689802 0.0543689802 0 -0.0543689802 -0.0543689802 0 0.0543689802 -0.0543689802 0 -0.0543689802 -0.0255977102 0.415491998 0.195468202 0.0255977195 0.446410507 0.246345401 0.0255977195 0.415491998 0.195468202 0.0255977195 0.446410507 0.246345401 -0.0255977102 0.415491998 0.195468202 -0.0255977102 0.446410507 0.246345401 0.0388855115 0.561288774 0.0803929865 0.190800503 0.626439989 0.0178542398 0.190800503 0.626439989 0.0684054196 0.190800503 0.626439989 0.0178542398 0.0388855115 0.561288774 0.0803929865 0.0388855115 0.561288774 0.00262195198 -0.036022611 0.647523522 0.0176183898 -0.0296031404 0.87719202 0.0382415392 -0.0296031404 0.87719202 -0.0209647696 -0.0296031404 0.87719202 0.0382415392 -0.036022611 0.647523522 0.0176183898 -0.036022611 0.647523522 0.0896636173 -0.0388855115 0.561288774 0.00262195198 -0.0241351593 0.689492822 -0.149879307 -0.0260532908 0.631715477 -0.159926906 -0.0241351593 0.689492822 -0.149879307 -0.0388855115 0.561288774 0.00262195198 -0.036022611 0.647523522 0.0176183898 -0.0426628888 0.447509706 0.0681612119 0.0255977195 0.415491998 0.195468202 0.042662859 0.447509706 0.0681612119 0.0255977195 0.415491998 0.195468202 -0.0426628888 0.447509706 0.0681612119 -0.0255977102 0.415491998 0.195468202 -0.204337895 0.505056024 0.00192408904 -0.0397662409 0.534760177 -0.0019914431 -0.0423642583 0.456504494 -0.0156003097 -0.0397662409 0.534760177 -0.0019914431 -0.204337895 0.505056024 0.00192408904 -0.202727094 0.553574502 0.0103615904 0.0456710383 0.3568995 0.0584202111 -0.0486792102 0.266289294 0.0486792214 0.0486792102 0.266289294 0.0486792214 -0.0486792102 0.266289294 0.0486792214 0.0456710383 0.3568995 0.0584202111 -0.0456710383 0.3568995 0.0584202111 -0.0486792102 0.266289294 -0.0486792102 0.063219741 0.0498095006 -0.0632197633 -0.0632197335 0.0498095006 -0.0632197633 0.063219741 0.0498095006 -0.0632197633 -0.0486792102 0.266289294 -0.0486792102 0.0486792102 0.266289294 -0.0486792102 0.0388855115 0.561288774 0.0803929865 -0.0426628888 0.447509706 0.0681612119 0.042662859 0.447509706 0.0681612119 -0.0426628888 0.447509706 0.0681612119 0.0388855115 0.561288774 0.0803929865 -0.0400465392 0.526316881 0.0766333565 -0.0400465392 0.526316881 0.0766333565 0.0388855115 0.561288774 0.0803929865 -0.036022611 0.647523522 0.0896636173 -0.036022611 0.647523522 0.0896636173 0.0388855115 0.561288774 0.0803929865 0.036022611 0.647523522 0.0896636173 -0.0388855115 0.561288774 0.00262195198 0.0260532908 0.631715477 -0.159926906 0.0388855115 0.561288774 0.00262195198 0.0260532908 0.631715477 -0.159926906 -0.0388855115 0.561288774 0.00262195198 -0.0260532908 0.631715477 -0.159926906 0.036022611 0.647523522 0.0176183898 0.188939601 0.682492495 0.0744313225 0.188939601 0.682492495 0.0276019108 0.188939601 0.682492495 0.0744313225 0.036022611 0.647523522 0.0176183898 0.036022611 0.647523522 0.0896636173 0.02413515 0.689492822 -0.149879307 -0.036022611 0.647523522 0.0176183898 0.036022611 0.647523522 0.0176183898 -0.036022611 0.647523522 0.0176183898 0.02413515 0.689492822 -0.149879307 -0.0241351593 0.689492822 -0.149879307 -0.0632197335 0.0498095006 0.063219741 -0.0486792102 0.266289294 -0.0486792102 -0.0632197335 0.0498095006 -0.0632197633 -0.0486792102 0.266289294 -0.0486792102 -0.0632197335 0.0498095006 0.063219741 -0.0486792102 0.266289294 0.0486792214 -0.0274026394 0.42910099 0.301479191 0.0274026301 0.361126006 0.189623594 0.0274026301 0.42910099 0.301479191 0.0274026301 0.361126006 0.189623594 -0.0274026394 0.42910099 0.301479191 -0.0274026394 0.361126006 0.189623594 -0.212643296 0.559511483 0.0138126202 -0.202900901 0.548339486 0.0591089688 -0.202727094 0.553574502 0.0103615904 -0.202900901 0.548339486 0.0591089688 -0.212643296 0.559511483 0.0138126202 -0.221560404 0.559511483 0.0656027868 -0.202727094 0.553574502 0.0103615904 -0.0400465392 0.526316881 0.0766333565 -0.0397662409 0.534760177 -0.0019914431 -0.0400465392 0.526316881 0.0766333565 -0.202727094 0.553574502 0.0103615904 -0.202900901 0.548339486 0.0591089688 -0.0400465392 0.526316881 0.0766333565 -0.204522997 0.499478996 0.0538562387 -0.0426628888 0.447509706 0.0681612119 -0.204522997 0.499478996 0.0538562387 -0.0400465392 0.526316881 0.0766333565 -0.202900901 0.548339486 0.0591089688 0.0486792102 0.266289294 0.0486792214 -0.0632197335 0.0498095006 0.063219741 0.063219741 0.0498095006 0.063219741 -0.0632197335 0.0498095006 0.063219741 0.0486792102 0.266289294 0.0486792214 -0.0486792102 0.266289294 0.0486792214 0.0393555388 0.728050828 -0.195974395 0.0260532908 0.631715477 -0.159926906 0.0604429096 0.728050828 -0.26345259 0.0260532908 0.631715477 -0.159926906 0.0393555388 0.728050828 -0.195974395 0.0386990607 0.730290473 -0.193722203 0.0260532908 0.631715477 -0.159926906 0.0386990607 0.730290473 -0.193722203 0.02413515 0.689492822 -0.149879307 0.190800503 0.626439989 0.0684054196 0.036022611 0.647523522 0.0896636173 0.0388855115 0.561288774 0.0803929865 0.036022611 0.647523522 0.0896636173 0.190800503 0.626439989 0.0684054196 0.188939601 0.682492495 0.0744313225 0.188939601 0.682492495 0.0276019108 0.285467803 0.755114973 0.104612999 0.285467803 0.755114973 0.057783559 0.285467803 0.755114973 0.104612999 0.188939601 0.682492495 0.0276019108 0.188939601 0.682492495 0.0744313225 -0.0296031404 0.87719202 -0.0209647696 0.036022611 0.647523522 0.0176183898 -0.036022611 0.647523522 0.0176183898 0.036022611 0.647523522 0.0176183898 -0.0296031404 0.87719202 -0.0209647696 0.0296031497 0.87719202 -0.0209647696 -0.0400465392 0.526316881 0.0766333565 -0.0388855115 0.561288774 0.00262195198 -0.0397662409 0.534760177 -0.0019914431 -0.0388855115 0.561288774 0.00262195198 -0.0400465392 0.526316881 0.0766333565 -0.036022611 0.647523522 0.0176183898 -0.036022611 0.647523522 0.0176183898 -0.0400465392 0.526316881 0.0766333565 -0.036022611 0.647523522 0.0896636173 0.0486792102 0.266289294 -0.0486792102 0.063219741 0.0498095006 0.063219741 0.063219741 0.0498095006 -0.0632197633 0.063219741 0.0498095006 0.063219741 0.0486792102 0.266289294 -0.0486792102 0.0486792102 0.266289294 0.0486792214 0.0296031497 0.87719202 0.0382415392 0.036022611 0.647523522 0.0176183898 0.0296031497 0.87719202 -0.0209647696 0.036022611 0.647523522 0.0176183898 0.0296031497 0.87719202 0.0382415392 0.036022611 0.647523522 0.0896636173 0.02413515 0.689492822 -0.149879307 0.0388855115 0.561288774 0.00262195198 0.0260532908 0.631715477 -0.159926906 0.0388855115 0.561288774 0.00262195198 0.02413515 0.689492822 -0.149879307 0.036022611 0.647523522 0.0176183898 -0.295290202 0.559511483 0.0335771106 -0.202727094 0.553574502 0.0103615904 -0.204337895 0.505056024 0.00192408904 -0.202727094 0.553574502 0.0103615904 -0.295290202 0.559511483 0.0335771106 -0.212643296 0.559511483 0.0138126202 0.036022611 0.647523522 0.0176183898 0.190800503 0.626439989 0.0178542398 0.0388855115 0.561288774 0.00262195198 0.190800503 0.626439989 0.0178542398 0.036022611 0.647523522 0.0176183898 0.188939601 0.682492495 0.0276019108 -0.0274026394 0.361126006 0.189623594 -0.0426628888 0.447509706 0.0681612119 -0.0456710383 0.3568995 0.0584202111 -0.0426628888 0.447509706 0.0681612119 -0.0274026394 0.361126006 0.189623594 -0.0255977102 0.415491998 0.195468202 -0.0426628888 0.447509706 0.0681612119 -0.204337895 0.505056024 0.00192408904 -0.0423642583 0.456504494 -0.0156003097 -0.204337895 0.505056024 0.00192408904 -0.0426628888 0.447509706 0.0681612119 -0.204522997 0.499478996 0.0538562387 0.0260532908 0.631715477 -0.159926906 0.00833631773 0.728050828 -0.26345259 0.0604429096 0.728050828 -0.26345259 0.00833631773 0.728050828 -0.26345259 0.0260532908 0.631715477 -0.159926906 -0.0260532908 0.631715477 -0.159926906 0.0268279705 0.446410507 0.303339988 -0.0274026394 0.42910099 0.301479191 0.0274026301 0.42910099 0.301479191 -0.0274026394 0.42910099 0.301479191 0.0268279705 0.446410507 0.303339988 -0.0268279593 0.446410507 0.303339988 -0.204522997 0.499478996 0.0538562387 -0.295290202 0.559511483 0.0335771106 -0.204337895 0.505056024 0.00192408904 -0.295290202 0.559511483 0.0335771106 -0.204522997 0.499478996 0.0538562387 -0.304789692 0.559511483 0.0887508169 -0.0486792102 0.266289294 0.0486792214 -0.0423642583 0.456504494 -0.0156003097 -0.0486792102 0.266289294 -0.0486792102 -0.0423642583 0.456504494 -0.0156003097 -0.0486792102 0.266289294 0.0486792214 -0.0456710383 0.3568995 0.0584202111 -0.0423642583 0.456504494 -0.0156003097 -0.0456710383 0.3568995 0.0584202111 -0.0426628888 0.447509706 0.0681612119 </float_array>
          <technique_common>
            <accessor count="360" offset="0" source="#tree_detailed_2-positions-array" stride="3">
              <param name="X" type="float" />
              <param name="Y" type="float" />
              <param name="Z" type="float" />
            </accessor>
          </technique_common>
        </source>
        <source id="tree_detailed_2-normals" name="tree_detailed_2-normals">
          <float_array id="tree_detailed_2-normals-array" count="1080"> 0.60119921 -0.799099088 0 0.60119921 -0.799099088 0 0.60119921 -0.799099088 0 0.60119921 -0.799099088 0 0.60119921 -0.799099088 0 0.60119921 -0.799099088 0 -0.999137282 0.0354893617 -0.0215669908 -0.999137282 0.0354893617 -0.0215669908 -0.999137282 0.0354893617 -0.0215669908 -0.999137282 0.0354893617 -0.0215669908 -0.999137282 0.0354893617 -0.0215669908 -0.999137282 0.0354893617 -0.0215669908 -0.999137282 0.0354893617 -0.0215669908 -0.999137282 0.0354893617 -0.0215669908 -0.999137282 0.0354893617 -0.0215669908 -0.965212882 0.0755726695 -0.250305086 -0.965212882 0.0755726695 -0.250305086 -0.965212882 0.0755726695 -0.250305086 -0.965212882 0.0755726695 -0.250305086 -0.965212882 0.0755726695 -0.250305086 -0.965212882 0.0755726695 -0.250305086 -0.965212882 0.0755726695 -0.250305086 -0.965212882 0.0755726695 -0.250305086 -0.965212882 0.0755726695 -0.250305086 0.172004595 0.174317405 -0.969550371 0.172004595 0.174317405 -0.969550371 0.172004595 0.174317405 -0.969550371 0.172004595 0.174317405 -0.969550371 0.172004595 0.174317405 -0.969550371 0.172004595 0.174317405 -0.969550371 0.172004595 0.174317405 -0.969550371 0.172004595 0.174317405 -0.969550371 0.172004595 0.174317405 -0.969550371 0.990362227 0.0181174893 0.137311801 0.990362227 0.0181174893 0.137311801 0.990362227 0.0181174893 0.137311801 0.990362227 0.0181174893 0.137311801 0.990362227 0.0181174893 0.137311801 0.990362227 0.0181174893 0.137311801 0 -0.174951896 -0.984577 0 -0.174951896 -0.984577 0 -0.174951896 -0.984577 0 -0.174951896 -0.984577 0 -0.174951896 -0.984577 0 -0.174951896 -0.984577 0.999449313 0.0331807584 0 0.999449313 0.0331807584 0 0.999449313 0.0331807584 0 0.999449313 0.0331807584 0 0.999449313 0.0331807584 0 0.999449313 0.0331807584 0 0.999449313 0.0331807584 0 0.999449313 0.0331807584 0 0.999449313 0.0331807584 0 0.999449313 0.0331807584 0 0.999449313 0.0331807584 0 0.999449313 0.0331807584 0 0 0.732072771 0.681226373 0 0.732072771 0.681226373 0 0.732072771 0.681226373 0 0.732072771 0.681226373 0 0.732072771 0.681226373 0 0.732072771 0.681226373 0.999449372 0.0331797898 0 0.999449372 0.0331797898 0 0.999449372 0.0331797898 0 0.999449372 0.0331797898 0 0.999449372 0.0331797898 0 0.999449372 0.0331797898 0 0 -0.999481618 0.0321965888 0 -0.999481618 0.0321965888 0 -0.999481618 0.0321965888 0 -0.999481618 0.0321965888 0 -0.999481618 0.0321965888 0 -0.999481618 0.0321965888 0 -0.174951494 0.984577 0 -0.174951494 0.984577 0 -0.174951494 0.984577 0 -0.174951494 0.984577 0 -0.174951494 0.984577 0 -0.174951494 0.984577 0.984577 -0.174951494 0 0.984577 -0.174951494 0 0.984577 -0.174951494 0 0.984577 -0.174951494 0 0.984577 -0.174951494 0 0.984577 -0.174951494 0 0.266274303 -0.111764297 0.957395792 0.266274303 -0.111764297 0.957395792 0.266274303 -0.111764297 0.957395792 0.266274303 -0.111764297 0.957395792 0.266274303 -0.111764297 0.957395792 0.266274303 -0.111764297 0.957395792 0.999137282 0.0354888886 -0.0215667505 0.999137282 0.0354888886 -0.0215667505 0.999137282 0.0354888886 -0.0215667505 0.999137282 0.0354888886 -0.0215667505 0.999137282 0.0354888886 -0.0215667505 0.999137282 0.0354888886 -0.0215667505 0.999137282 0.0354888886 -0.0215667505 0.999137282 0.0354888886 -0.0215667505 0.999137282 0.0354888886 -0.0215667505 0 0.218487501 0.975839674 0 0.218487501 0.975839674 0 0.218487501 0.975839674 0 0.218487501 0.975839674 0 0.218487501 0.975839674 0 0.218487501 0.975839674 -0.984577 -0.174951404 0 -0.984577 -0.174951404 0 -0.984577 -0.174951404 0 -0.984577 -0.174951404 0 -0.984577 -0.174951404 0 -0.984577 -0.174951404 0 0 0.171331093 -0.985213518 0 0.171331093 -0.985213518 0 0.171331093 -0.985213518 0 0.171331093 -0.985213518 0 0.171331093 -0.985213518 0 0.171331093 -0.985213518 0 0.171331093 -0.985213518 0 0.171331093 -0.985213518 0 0.171331093 -0.985213518 0 0.171331093 -0.985213518 0 0.171331093 -0.985213518 0 0.171331093 -0.985213518 -0.219199002 -0.111479796 0.969290376 -0.219199002 -0.111479796 0.969290376 -0.219199002 -0.111479796 0.969290376 -0.219199002 -0.111479796 0.969290376 -0.219199002 -0.111479796 0.969290376 -0.219199002 -0.111479796 0.969290376 -0.219199002 -0.111479796 0.969290376 -0.219199002 -0.111479796 0.969290376 -0.219199002 -0.111479796 0.969290376 0 -1 0 0 -1 0 0 -1 0 0 -1 0 0 -1 0 0 -1 0 0 0.854573071 -0.519330978 0 0.854573071 -0.519330978 0 0.854573071 -0.519330978 0 0.854573071 -0.519330978 0 0.854573071 -0.519330978 0 0.854573071 -0.519330978 0.39414829 -0.919046819 0 0.39414829 -0.919046819 0 0.39414829 -0.919046819 0 0.39414829 -0.919046819 0 0.39414829 -0.919046819 0 0.39414829 -0.919046819 0 -0.99960959 0.0279401299 0 -0.99960959 0.0279401299 0 -0.99960959 0.0279401299 0 -0.99960959 0.0279401299 0 -0.99960959 0.0279401299 0 -0.99960959 0.0279401299 0 -0.997256875 0.0435196012 -0.0598716699 -0.997256875 0.0435196012 -0.0598716699 -0.997256875 0.0435196012 -0.0598716699 -0.997256875 0.0435196012 -0.0598716699 -0.997256875 0.0435196012 -0.0598716699 -0.997256875 0.0435196012 -0.0598716699 0 0.969799221 0.243904799 0 0.969799221 0.243904799 0 0.969799221 0.243904799 0 0.969799221 0.243904799 0 0.969799221 0.243904799 0 0.969799221 0.243904799 -0.0545938388 0.172834501 -0.983436704 -0.0545938388 0.172834501 -0.983436704 -0.0545938388 0.172834501 -0.983436704 -0.0545938388 0.172834501 -0.983436704 -0.0545938388 0.172834501 -0.983436704 -0.0545938388 0.172834501 -0.983436704 0 -0.106888503 0.99427098 0 -0.106888503 0.99427098 0 -0.106888503 0.99427098 0 -0.106888503 0.99427098 0 -0.106888503 0.99427098 0 -0.106888503 0.99427098 0 0.0670171678 -0.997751772 0 0.0670171678 -0.997751772 0 0.0670171678 -0.997751772 0 0.0670171678 -0.997751772 0 0.0670171678 -0.997751772 0 0.0670171678 -0.997751772 0 -0.106888697 0.99427098 0 -0.106888697 0.99427098 0 -0.106888697 0.99427098 0 -0.106888697 0.99427098 0 -0.106888697 0.99427098 0 -0.106888697 0.99427098 0 -0.106888697 0.99427098 0 -0.106888697 0.99427098 0 -0.106888697 0.99427098 0 -0.106888697 0.99427098 0 -0.106888697 0.99427098 0 -0.106888697 0.99427098 0 -0.917578518 -0.397554696 0 -0.917578518 -0.397554696 0 -0.917578518 -0.397554696 0 -0.917578518 -0.397554696 0 -0.917578518 -0.397554696 0 -0.917578518 -0.397554696 -0.222924903 0.974835515 0 -0.222924903 0.974835515 0 -0.222924903 0.974835515 0 -0.222924903 0.974835515 0 -0.222924903 0.974835515 0 -0.222924903 0.974835515 0 0 0.970013201 0.243052498 0 0.970013201 0.243052498 0 0.970013201 0.243052498 0 0.970013201 0.243052498 0 0.970013201 0.243052498 0 0.970013201 0.243052498 -0.997751772 0.0670170486 0 -0.997751772 0.0670170486 0 -0.997751772 0.0670170486 0 -0.997751772 0.0670170486 0 -0.997751772 0.0670170486 0 -0.997751772 0.0670170486 0 0 -0.854574978 0.519328117 0 -0.854574978 0.519328117 0 -0.854574978 0.519328117 0 -0.854574978 0.519328117 0 -0.854574978 0.519328117 0 -0.854574978 0.519328117 0.534909487 0.839874685 0.0920997187 0.534909487 0.839874685 0.0920997187 0.534909487 0.839874685 0.0920997187 0.534909487 0.839874685 0.0920997187 0.534909487 0.839874685 0.0920997187 0.534909487 0.839874685 0.0920997187 0.1219953 0.986810386 0.106406301 0.1219953 0.986810386 0.106406301 0.1219953 0.986810386 0.106406301 0.1219953 0.986810386 0.106406301 0.1219953 0.986810386 0.106406301 0.1219953 0.986810386 0.106406301 -0.120078698 -0.102173597 0.987492621 -0.120078698 -0.102173597 0.987492621 -0.120078698 -0.102173597 0.987492621 -0.120078698 -0.102173597 0.987492621 -0.120078698 -0.102173597 0.987492621 -0.120078698 -0.102173597 0.987492621 0 0.0670170486 0.997751772 0 0.0670170486 0.997751772 0 0.0670170486 0.997751772 0 0.0670170486 0.997751772 0 0.0670170486 0.997751772 0 0.0670170486 0.997751772 0.954283774 -0.0201799106 0.298220009 0.954283774 -0.0201799106 0.298220009 0.954283774 -0.0201799106 0.298220009 0.954283774 -0.0201799106 0.298220009 0.954283774 -0.0201799106 0.298220009 0.954283774 -0.0201799106 0.298220009 0.954283774 -0.0201799106 0.298220009 0.954283774 -0.0201799106 0.298220009 0.954283774 -0.0201799106 0.298220009 0.121694699 -0.102099299 0.987302423 0.121694699 -0.102099299 0.987302423 0.121694699 -0.102099299 0.987302423 0.121694699 -0.102099299 0.987302423 0.121694699 -0.102099299 0.987302423 0.121694699 -0.102099299 0.987302423 -0.601198494 0.799099684 0 -0.601198494 0.799099684 0 -0.601198494 0.799099684 0 -0.601198494 0.799099684 0 -0.601198494 0.799099684 0 -0.601198494 0.799099684 0 0 -0.165673405 -0.986180723 0 -0.165673405 -0.986180723 0 -0.165673405 -0.986180723 0 -0.165673405 -0.986180723 0 -0.165673405 -0.986180723 0 -0.165673405 -0.986180723 -0.999449313 0.033180669 0 -0.999449313 0.033180669 0 -0.999449313 0.033180669 0 -0.999449313 0.033180669 0 -0.999449313 0.033180669 0 -0.999449313 0.033180669 0 -0.999449313 0.033180669 0 -0.999449313 0.033180669 0 -0.999449313 0.033180669 0 0.997751772 0.0670170635 0 0.997751772 0.0670170635 0 0.997751772 0.0670170635 0 0.997751772 0.0670170635 0 0.997751772 0.0670170635 0 0.997751772 0.0670170635 0 0.99960959 0.0279400907 0 0.99960959 0.0279400907 0 0.99960959 0.0279400907 0 0.99960959 0.0279400907 0 0.99960959 0.0279400907 0 0.99960959 0.0279400907 0 0.997256875 0.0435196608 -0.0598716699 0.997256875 0.0435196608 -0.0598716699 0.997256875 0.0435196608 -0.0598716699 0.997256875 0.0435196608 -0.0598716699 0.997256875 0.0435196608 -0.0598716699 0.997256875 0.0435196608 -0.0598716699 -0.229031697 0.174152702 -0.957713485 -0.229031697 0.174152702 -0.957713485 -0.229031697 0.174152702 -0.957713485 -0.229031697 0.174152702 -0.957713485 -0.229031697 0.174152702 -0.957713485 -0.229031697 0.174152702 -0.957713485 0.0249411408 0.1720815 -0.984766901 0.0249411408 0.1720815 -0.984766901 0.0249411408 0.1720815 -0.984766901 0.0249411408 0.1720815 -0.984766901 0.0249411408 0.1720815 -0.984766901 0.0249411408 0.1720815 -0.984766901 -0.990362227 0.0181173999 0.137311801 -0.990362227 0.0181173999 0.137311801 -0.990362227 0.0181173999 0.137311801 -0.990362227 0.0181173999 0.137311801 -0.990362227 0.0181173999 0.137311801 -0.990362227 0.0181173999 0.137311801 -0.295810997 -0.949673414 -0.103036501 -0.295810997 -0.949673414 -0.103036501 -0.295810997 -0.949673414 -0.103036501 -0.295810997 -0.949673414 -0.103036501 -0.295810997 -0.949673414 -0.103036501 -0.295810997 -0.949673414 -0.103036501 0 -0.732072592 -0.681226611 0 -0.732072592 -0.681226611 0 -0.732072592 -0.681226611 0 -0.732072592 -0.681226611 0 -0.732072592 -0.681226611 0 -0.732072592 -0.681226611 0 -0.106883503 0.994271517 0 -0.106883503 0.994271517 0 -0.106883503 0.994271517 0 -0.106883503 0.994271517 0 -0.106883503 0.994271517 0 -0.106883503 0.994271517 -0.534908712 -0.839875281 -0.0920992866 -0.534908712 -0.839875281 -0.0920992866 -0.534908712 -0.839875281 -0.0920992866 -0.534908712 -0.839875281 -0.0920992866 -0.534908712 -0.839875281 -0.0920992866 -0.534908712 -0.839875281 -0.0920992866 -0.999449313 0.033180669 0 -0.999449313 0.033180669 0 -0.999449313 0.033180669 0 -0.999449313 0.033180669 0 -0.999449313 0.033180669 0 -0.999449313 0.033180669 0 -0.999449313 0.033180669 0 -0.999449313 0.033180669 0 -0.999449313 0.033180669 0 </float_array>
          <technique_common>
            <accessor count="360" offset="0" source="#tree_detailed_2-normals-array" stride="3">
              <param name="X" type="float" />
              <param name="Y" type="float" />
              <param name="Z" type="float" />
            </accessor>
          </technique_common>
        </source>
        <source id="tree_detailed_2-tex0" name="tree_detailed_2-tex0">
          <float_array id="tree_detailed_2-tex0-array" count="720"> -2.69312692 20.8300705 -2.67142701 28.7086201 -4.66163206 28.7086201 -2.67142701 28.7086201 -2.69312692 20.8300705 -0.702922821 20.8300705 11.88978 16.8539104 7.71555614 16.3177891 7.487041 14.1760397 7.71555614 16.3177891 11.88978 16.8539104 9.71813011 17.53582 9.71813011 17.53582 11.88978 16.8539104 11.9625301 17.53582 -5.837255 24.6050892 -7.37793303 28.4086895 -10.1224298 28.4086895 -7.37793303 28.4086895 -5.837255 24.6050892 -7.28806305 28.4971199 -7.28806305 28.4971199 -5.837255 24.6050892 -5.47330093 26.8862991 -7.51402617 26.4184093 -14.0619297 28.9875298 -7.51912689 24.1773109 -14.0619297 28.9875298 -7.51402617 26.4184093 -11.46348 29.3220196 -14.0619297 28.9875298 -11.46348 29.3220196 -14.0611696 29.3220196 -2.42741299 17.5787792 -7.24659824 14.17729 -2.03127789 14.0108604 -7.24659824 14.17729 -2.42741299 17.5787792 -7.4842782 16.3180408 2.48896599 2.36620903 -2.14051104 0.374486595 2.14051104 0.374486595 -2.14051104 0.374486595 2.48896599 2.36620903 -2.48896599 2.36620903 -0.103226401 22.0350208 -1.91650498 10.4144602 1.91650403 10.4144602 -1.91650498 10.4144602 -0.103226401 22.0350208 -2.30000806 13.9837599 -2.30000806 13.9837599 -0.103226401 22.0350208 -2.68351197 17.5530605 -2.68351197 17.5530605 -0.103226401 22.0350208 -3.16507792 22.0350208 -0.376819789 25.1697598 0.950202882 22.8119392 1.52358508 25.1697598 0.950202882 22.8119392 -0.376819789 25.1697598 -0.95020318 22.8119392 -2.72870493 29.2548008 -4.66163206 28.9252491 -2.67142701 28.9252491 -4.66163206 28.9252491 -2.72870493 29.2548008 -4.69704008 29.2548008 1.07884395 7.919384 -1.79807198 2.75121498 1.79807198 2.75121498 -1.79807198 2.75121498 1.07884395 7.919384 -1.07884395 7.919384 2.48896599 2.36620808 -2.14051104 0.374485701 2.14051104 0.374485701 -2.14051104 0.374485701 2.48896599 2.36620808 -2.48896599 2.36620808 -2.48896599 2.36620808 2.14051104 0.374485612 2.48896694 2.36620808 2.14051104 0.374485612 -2.48896599 2.36620808 -2.14051104 0.374485612 -8.31967068 21.4642601 -12.4970503 21.9068794 -8.32578564 19.5284901 -12.4970503 21.9068794 -8.31967068 21.4642601 -9.09593678 21.9068794 -7.71555614 16.3177891 -11.88978 16.8539104 -7.487041 14.1760397 -11.88978 16.8539104 -7.71555614 16.3177891 -9.71813011 17.53582 -11.88978 16.8539104 -9.71813011 17.53582 -11.9625301 17.53582 1.16547799 33.3717918 -1.41821301 24.1058598 1.41821301 24.1058598 -1.41821301 24.1058598 1.16547799 33.3717918 -1.16547799 33.3717918 -2.14051104 0.374485493 2.48896599 2.36620808 -2.48896694 2.36620808 2.48896599 2.36620808 -2.14051104 0.374485493 2.14051104 0.374485493 1.66788399 17.6016407 -1.91650403 10.0004501 1.91650498 10.0004501 -1.91650403 10.0004501 1.66788399 17.6016407 -1.53092599 21.7889194 -1.53092599 21.7889194 1.66788399 17.6016407 1.56559992 20.7288094 -1.53092599 21.7889194 1.56559992 20.7288094 1.53092599 21.7889194 14.4957304 29.3836708 7.901721 26.8380203 7.92085075 24.6173801 7.901721 26.8380203 14.4957304 29.3836708 11.8705397 29.7150993 11.8705397 29.7150993 14.4957304 29.3836708 14.4928703 29.7150993 -2.14051104 2.14051104 2.14051104 -2.14051104 2.14051104 2.14051104 2.14051104 -2.14051104 -2.14051104 2.14051104 -2.14051104 -2.14051104 1.00778401 15.07164 -1.00778401 17.4155502 -1.00778401 15.07164 -1.00778401 17.4155502 1.00778401 15.07164 1.00778401 17.4155502 -3.16507792 10.1168804 -0.702922821 16.6245995 -2.69312692 16.6245995 -0.702922821 16.6245995 -3.16507792 10.1168804 -0.103226401 10.1168804 0.693637371 25.44347 1.50557208 34.4890709 -0.825384498 34.4890709 1.50557208 34.4890709 0.693637371 25.44347 3.53006411 25.44347 0.194786906 22.0108109 -5.83320999 27.0629997 -6.22354889 24.78615 -5.83320999 27.0629997 0.194786906 22.0108109 0.777382016 25.4090996 -1.67964101 1.69476795 1.00778401 -3.47340202 1.67964005 1.69476795 1.00778401 -3.47340202 -1.67964101 1.69476795 -1.00778401 -3.47340202 8.03662968 19.5208607 1.55884695 20.7081909 1.63127708 17.5801792 1.55884695 20.7081909 8.03662968 19.5208607 7.99172497 21.4602203 1.79807198 14.2165098 -1.91650498 10.6286201 1.91650498 10.6286201 -1.91650498 10.6286201 1.79807198 14.2165098 -1.79807198 14.2165098 1.91650498 10.3318195 -2.48896599 1.78979206 2.48896599 1.78979206 -2.48896599 1.78979206 1.91650498 10.3318195 -1.91650498 10.3318195 1.53092599 22.3096905 -1.67964101 17.8043995 1.67964005 17.8043995 -1.67964101 17.8043995 1.53092599 22.3096905 -1.576635 20.9249191 -1.576635 20.9249191 1.53092599 22.3096905 -1.41821301 25.7243309 -1.41821301 25.7243309 1.53092599 22.3096905 1.41821301 25.7243309 1.53092599 8.69043827 -1.02572 15.6648397 -1.53092599 8.69043827 -1.02572 15.6648397 1.53092599 8.69043827 1.02572 15.6648397 0.693637371 7.06556177 2.93036699 13.2413301 1.086689 13.2413301 2.93036699 13.2413301 0.693637371 7.06556177 3.53006411 7.06556177 0.950202882 12.3215704 -1.41821301 5.52331209 1.41821301 5.52331209 -1.41821301 5.52331209 0.950202882 12.3215704 -0.95020318 12.3215704 2.48896599 1.78979206 -1.91650403 10.3318195 -2.48896694 1.78979206 -1.91650403 10.3318195 2.48896599 1.78979206 1.91650498 10.3318195 -1.07884395 18.9165592 1.07884395 13.7634001 1.07884395 18.9165592 1.07884395 13.7634001 -1.07884395 18.9165592 -1.07884395 13.7634001 -1.95645404 18.8081608 -3.64883208 17.9978104 -1.75631309 18.3775196 -3.64883208 17.9978104 -1.95645404 18.8081608 -4.02543879 18.8081608 -5.55371475 9.19901085 -3.31005096 2.569839 -0.97000742 4.62330389 -3.31005096 2.569839 -5.55371475 9.19901085 -7.00454092 7.92586088 -1.20091605 20.9381504 -7.7372632 19.8759804 -1.343431 17.819191 -7.7372632 19.8759804 -1.20091605 20.9381504 -7.6489048 21.8097401 1.91650498 10.3318195 -2.48896599 1.78979206 2.48896599 1.78979206 -2.48896599 1.78979206 1.91650498 10.3318195 -1.91650498 10.3318195 7.82646799 28.6409798 6.31566715 24.8474808 10.6097898 28.6409798 6.31566715 24.8474808 7.82646799 28.6409798 7.73412514 28.7291794 6.31566715 24.8474808 7.73412514 28.7291794 5.91557312 27.1226406 7.12594986 24.9008408 0.975714028 25.7352505 1.13223004 22.3223495 0.975714028 25.7352505 7.12594986 24.9008408 7.02421379 27.1192207 1.086689 22.0982304 4.11861992 26.8539906 2.27494287 26.8539906 4.11861992 26.8539906 1.086689 22.0982304 2.93036699 22.0982304 1.16547799 34.1946106 -1.41821301 25.0258408 1.41821301 25.0258408 -1.41821301 25.0258408 1.16547799 34.1946106 -1.16547799 34.1946106 3.01706195 20.6574192 0.103226401 22.0350208 -0.0784033164 20.9900093 0.103226401 22.0350208 3.01706195 20.6574192 0.693637371 25.4319592 0.693637371 25.4319592 3.01706195 20.6574192 3.53006411 25.4319592 1.91650403 10.3318195 -2.48896599 1.78979206 2.48896694 1.78979206 -2.48896599 1.78979206 1.91650403 10.3318195 -1.91650498 10.3318195 -1.50557208 34.4890709 -0.693637371 25.44347 0.825384498 34.4890709 -0.693637371 25.44347 -1.50557208 34.4890709 -3.53006411 25.44347 5.83320999 27.0629997 -0.194786906 22.0108109 6.22354889 24.78615 -0.194786906 22.0108109 5.83320999 27.0629997 -0.777382016 25.4090996 11.6142397 21.4444008 7.85738087 21.2070293 7.84179497 19.26721 7.85738087 21.2070293 11.6142397 21.4444008 8.26867771 21.4444008 -1.43532097 25.2259102 -7.52722216 24.3832798 -1.53304791 21.7794304 -7.52722216 24.3832798 -1.43532097 25.2259102 -7.46369696 26.6234894 7.24659824 14.17729 2.42741299 17.5787792 2.03127789 14.0108604 2.42741299 17.5787792 7.24659824 14.17729 7.4842782 16.3180408 3.08667493 6.18692398 2.71775603 13.4196596 -0.0313808583 7.3174448 2.71775603 13.4196596 3.08667493 6.18692398 4.65095091 12.71873 -1.02572 21.5519505 -0.328201503 27.1194496 -2.37964201 27.1194496 -0.328201503 27.1194496 -1.02572 21.5519505 1.02572 21.5519505 1.05621898 18.7509995 -1.07884395 18.0655899 1.07884395 18.0655899 -1.07884395 18.0655899 1.05621898 18.7509995 -1.05621898 18.7509995 3.455863 17.0360107 3.27540493 21.3904305 1.43970096 17.4405308 3.27540493 21.3904305 3.455863 17.0360107 5.4795599 21.3904209 1.91650498 10.4144697 -0.614185274 17.9073792 -1.91650403 10.4144697 -0.614185274 17.9073792 1.91650498 10.4144697 2.30000806 13.9837599 -0.614185274 17.9073792 2.30000806 13.9837599 2.68351197 17.5530605 </float_array>
          <technique_common>
            <accessor count="360" offset="0" source="#tree_detailed_2-tex0-array" stride="2">
              <param name="S" type="float" />
              <param name="T" type="float" />
            </accessor>
          </technique_common>
        </source>
        <vertices id="tree_detailed_2-vertices">
          <input semantic="POSITION" source="#tree_detailed_2-positions" />
        </vertices>
        <polylist count="120" material="defaultMaterial">
          <input offset="0" semantic="VERTEX" source="#tree_detailed_2-vertices" />
          <input offset="0" semantic="NORMAL" source="#tree_detailed_2-normals" />
          <input offset="0" semantic="TEXCOORD" source="#tree_detailed_2-tex0" set="0" />
          <vcount>3 3 3 3 3 3 3 3 3 3 3 3 3 3 3 3 3 3 3 3 3 3 3 3 3 3 3 3 3 3 3 3 3 3 3 3 3 3 3 3 3 3 3 3 3 3 3 3 3 3 3 3 3 3 3 3 3 3 3 3 3 3 3 3 3 3 3 3 3 3 3 3 3 3 3 3 3 3 3 3 3 3 3 3 3 3 3 3 3 3 3 3 3 3 3 3 3 3 3 3 3 3 3 3 3 3 3 3 3 3 3 3 3 3 3 3 3 3 3 3 </vcount>
          <p>0 1 2 3 4 5 6 7 8 9 10 11 12 13 14 15 16 17 18 19 20 21 22 23 24 25 26 27 28 29 30 31 32 33 34 35 36 37 38 39 40 41 42 43 44 45 46 47 48 49 50 51 52 53 54 55 56 57 58 59 60 61 62 63 64 65 66 67 68 69 70 71 72 73 74 75 76 77 78 79 80 81 82 83 84 85 86 87 88 89 90 91 92 93 94 95 96 97 98 99 100 101 102 103 104 105 106 107 108 109 110 111 112 113 114 115 116 117 118 119 120 121 122 123 124 125 126 127 128 129 130 131 132 133 134 135 136 137 138 139 140 141 142 143 144 145 146 147 148 149 150 151 152 153 154 155 156 157 158 159 160 161 162 163 164 165 166 167 168 169 170 171 172 173 174 175 176 177 178 179 180 181 182 183 184 185 186 187 188 189 190 191 192 193 194 195 196 197 198 199 200 201 202 203 204 205 206 207 208 209 210 211 212 213 214 215 216 217 218 219 220 221 222 223 224 225 226 227 228 229 230 231 232 233 234 235 236 237 238 239 240 241 242 243 244 245 246 247 248 249 250 251 252 253 254 255 256 257 258 259 260 261 262 263 264 265 266 267 268 269 270 271 272 273 274 275 276 277 278 279 280 281 282 283 284 285 286 287 288 289 290 291 292 293 294 295 296 297 298 299 300 301 302 303 304 305 306 307 308 309 310 311 312 313 314 315 316 317 318 319 320 321 322 323 324 325 326 327 328 329 330 331 332 333 334 335 336 337 338 339 340 341 342 343 344 345 346 347 348 349 350 351 352 353 354 355 356 357 358 359 </p>
        </polylist>
      </mesh>
    </geometry>
    <geometry id="tree_detailed_3" name="tree_detailed" >
      <mesh>
        <source id="tree_detailed_3-positions" name="tree_detailed_3-positions">
          <float_array id="tree_detailed_3-positions-array" count="18"> -0.036022611 0.647523522 0.0176183898 0.036022611 0.647523522 0.0896636173 0.036022611 0.647523522 0.0176183898 0.036022611 0.647523522 0.0896636173 -0.036022611 0.647523522 0.0176183898 -0.036022611 0.647523522 0.0896636173 </float_array>
          <technique_common>
            <accessor count="6" offset="0" source="#tree_detailed_3-positions-array" stride="3">
              <param name="X" type="float" />
              <param name="Y" type="float" />
              <param name="Z" type="float" />
            </accessor>
          </technique_common>
        </source>
        <source id="tree_detailed_3-normals" name="tree_detailed_3-normals">
          <float_array id="tree_detailed_3-normals-array" count="18"> 0 1 0 0 1 0 0 1 0 0 1 0 0 1 0 0 1 0 </float_array>
          <technique_common>
            <accessor count="6" offset="0" source="#tree_detailed_3-normals-array" stride="3">
              <param name="X" type="float" />
              <param name="Y" type="float" />
              <param name="Z" type="float" />
            </accessor>
          </technique_common>
        </source>
        <source id="tree_detailed_3-tex0" name="tree_detailed_3-tex0">
          <float_array id="tree_detailed_3-tex0-array" count="12"> -1.07884395 18.0655899 1.05621898 18.7509995 -1.05621898 18.7509995 -1.07884395 18.0655899 1.05621898 18.7509995 -1.05621898 18.7509995 </float_array>
          <technique_common>
            <accessor count="6" offset="0" source="#tree_detailed_3-tex0-array" stride="2">
              <param name="S" type="float" />
              <param name="T" type="float" />
            </accessor>
          </technique_common>
        </source>
        <vertices id="tree_detailed_3-vertices">
          <input semantic="POSITION" source="#tree_detailed_3-positions" />
        </vertices>
        <polylist count="2" material="defaultMaterial">
          <input offset="0" semantic="VERTEX" source="#tree_detailed_3-vertices" />
          <input offset="0" semantic="NORMAL" source="#tree_detailed_3-normals" />
          <input offset="0" semantic="TEXCOORD" source="#tree_detailed_3-tex0" set="0" />
          <vcount>3 3 </vcount>
          <p>0 1 2 3 4 5 </p>
        </polylist>
      </mesh>
    </geometry>
  </library_geometries>
  <library_controllers>
  </library_controllers>
  <library_visual_scenes>
    <visual_scene id="tree_detailed.obj" name="tree_detailed.obj">
      <node id="tree_detailed" name="tree_detailed" type="NODE">
        <matrix sid="matrix">1 0 0 0 0 1 0 0 0 0 1 0 0 0 0 1</matrix>
        <instance_geometry url="#tree_detailed_1">
          <bind_material>
            <technique_common>
              <instance_material symbol="defaultMaterial" target="#leafsGreen">
                <bind_vertex_input semantic="CHANNEL0" input_semantic="TEXCOORD" input_set="0"/>
              </instance_material>
            </technique_common>
          </bind_material>
        </instance_geometry>
        <instance_geometry url="#tree_detailed_2">
          <bind_material>
            <technique_common>
              <instance_material symbol="defaultMaterial" target="#woodBark">
                <bind_vertex_input semantic="CHANNEL0" input_semantic="TEXCOORD" input_set="0"/>
              </instance_material>
            </technique_common>
          </bind_material>
        </instance_geometry>
        <instance_geometry url="#tree_detailed_3">
          <bind_material>
            <technique_common>
              <instance_material symbol="defaultMaterial" target="#_defaultMat">
                <bind_vertex_input semantic="CHANNEL0" input_semantic="TEXCOORD" input_set="0"/>
              </instance_material>
            </technique_common>
          </bind_material>
        </instance_geometry>
      </node>
    </visual_scene>
  </library_visual_scenes>
  <scene>
    <instance_visual_scene url="#tree_detailed.obj" />
  </scene>
</COLLADA>
